B3I050511,弹性力学（英文）(全英语),,,,,学院路校区,"张  彤,孙玉鑫,郭早阳,董雷霆◇[2-13周]星期二第5,6节,[2-13周]星期四第7,8节◇(一)317◇",一般专业类,选修,航空科学与工程学院,3.0,79/100 对外:0/0
B3I09311A,微分几何(全汉语),,,,,学院路校区,"贺慧霞◇[1-17周]星期三第5,6节,[1-17周]星期三第7节◇主M404◇",一般专业类,必修,数学与系统科学学院,3.0,1/77 对外:1/8
B3I09331A,最优化理论与算法(全汉语),,,,,学院路校区,"刘红英◇[1-17单周]星期一第5,6节,[1-17周]星期四第3,4节◇主M404◇",一般专业类,选修,数学与系统科学学院,3.0,45/90 对外:29/41
B3I123510,修辞学导论(英汉双语),,,,,学院路校区,"钱多秀◇[1-17周]星期二第3,4节◇主南207◇",一般专业类,选修,外国语学院,2.0,46/50 对外:1/4
B3I123520,公众演讲(全英语),,,,,学院路校区,"Franny Solnic◇[1-17周]星期二第1,2节◇主南207◇",一般专业类,选修,外国语学院,2.0,27/50 对外:2/11
B3I123530,体裁写作(英汉双语),,,,,学院路校区,"李英梅◇[1-17周]星期三第5,6节◇主南205◇",一般专业类,选修,外国语学院,2.0,38/50 对外:3/6
B3I123550,美国研究(英汉双语),,,,,学院路校区,"郑  飞◇[1-17周]星期三第3,4节◇主南207◇",一般专业类,选修,外国语学院,2.0,28/50 对外:1/6
B3I123710,英汉交替传译（1）(英汉双语),,,,,学院路校区,"胥国红◇[1-17周]星期五第1,2节◇主南207◇",一般专业类,选修,外国语学院,2.0,10/30 对外:1/4
B3I123720,汉英交替传译（1）(英汉双语),,,,,学院路校区,"王  沛◇[1-17周]星期一第7,8节◇主南202◇",一般专业类,选修,外国语学院,2.0,11/30 对外:6/9
B3I123730,计算机辅助翻译(英汉双语),,,,,学院路校区,"钱多秀◇[1-17周]星期三第3,4节◇主南202◇",一般专业类,选修,外国语学院,2.0,15/30 对外:1/5
B3I123740,英汉语言对比(英汉双语),,,,,学院路校区,"王义娜◇[1-17周]星期四第5,6节◇主南202◇",一般专业类,选修,外国语学院,2.0,26/40 对外:4/10
B3I123750,翻译概论(英汉双语),,,,,学院路校区,"文  军◇[1-17周]星期二第1,2节◇F207◇",一般专业类,选修,外国语学院,2.0,19/40 对外:4/10
B3I123770,文学翻译(英汉双语),,,,,学院路校区,"彭  予◇[1-17周]星期二第7,8节◇F205◇",一般专业类,选修,外国语学院,2.0,14/55 对外:4/20
B3I123790,新闻编译(英汉双语),,,,,学院路校区,"钱多秀◇[1-17周]星期一第3,4节◇主南202◇",一般专业类,选修,外国语学院,2.0,19/30 对外:7/10
B3I13362B,金属与复合材料力学分析(全汉语),,,,,学院路校区,"潘  强◇[1-17周]星期三第5,6节◇(一)203◇",一般专业类,选修,交通科学与工程学院,2.0,1/20 对外:0/0
B3I13368B,矢量与张量引论(全汉语),,,,,学院路校区,"张艳来◇[1-17周]星期四第5,6节◇(一)303◇",一般专业类,选修,交通科学与工程学院,2.0,1/20 对外:0/0
B3I14361A,安全原理(全汉语),,,,,学院路校区,"赵廷弟◇[1-13周]星期一第7,8节◇E207◇",一般专业类,必修,可靠性与系统工程学院,1.5,1/79 对外:0/0
B3J013360,金属材料制备原理及工艺(全汉语),,,,,学院路校区,"蒋成保◇[1-17周]星期四第7,8节◇(三)203◇",一般专业类,选修,材料科学与工程学院,2.0,15/90 对外:3/15
B3J013370,无机非金属材料制备原理及工艺(全汉语),,,,,学院路校区,"张  跃◇[1-17周]星期四第7,8节◇(三)218◇",一般专业类,选修,材料科学与工程学院,2.0,57/80 对外:2/15
B3J013380,高分子及复合材料制备基础(全汉语),,,,,学院路校区,"顾轶卓◇[1-17周]星期四第7,8节◇(三)209◇",一般专业类,选修,材料科学与工程学院,2.0,24/90 对外:0/0
B3J013390,材料成型原理及工艺(全汉语),,,,,学院路校区,"周铁涛,吴国清◇[1-9周]星期四第7,8节,[10-17周]星期四第7,8节◇(三)215◇",一般专业类,选修,材料科学与工程学院,2.0,42/80 对外:0/15
B3J014510,分析化学(全汉语),,,,,学院路校区,"李松梅◇[1-17周]星期二第1,2节◇(三)219◇",一般专业类,选修,材料科学与工程学院,2.0,26/160 对外:6/15
B3J014710,结构化学（B）(全汉语),,,,,学院路校区,"杨  光◇[2-13单周]星期二第5,6节,[2-13周]星期五第1,2节◇F117◇",一般专业类,选修,材料科学与工程学院,2.0,30/100 对外:15/15
B3J014720,界面化学(全汉语),,,,,学院路校区,"王小群◇[1-17周]星期二第7,8节◇(三)218◇",一般专业类,选修,材料科学与工程学院,2.0,2/110 对外:0/1
B3J033010,自动化专业导论(全汉语),,,,,学院路校区,"霍  伟,王少萍,袁海文,任  章,秦世引,段海滨◇[4周]星期四第10节,[4周]星期四第11节,[5周]星期四第10节,[5周]星期四第11节,[6周]星期四第10节,[6周]星期四第11节,[7周]星期四第10节,[7周]星期四第11节,[8周]星期四第10节,[8周]星期四第11节,[9-11周]星期四第10节,[9-11周]星期四第11节◇(一)304◇",一般专业类,选修,自动化科学与电气工程学院,1.0,2/201 对外:0/1
B3J033270,传感器与测试技术基础(全汉语),,,,,学院路校区,"闫  蓓◇[1-17周]星期三第5,6节◇(一)316◇",一般专业类,选修,自动化科学与电气工程学院,2.0,78/100 对外:0/0
B3J033350,机电工程创新设计导论(全汉语),,,,,学院路校区,"焦宗夏,尚耀星◇[1,2,8,9周]星期一第10节,[1,2,8,9周]星期一第11节,[4-7周]星期一第10节,[4-7周]星期一第11节◇(一)301◇",一般专业类,选修,自动化科学与电气工程学院,1.0,70/100 对外:0/0
B3J033530,计算机网络与通讯(全汉语),,,,,学院路校区,"段海滨,马耀飞◇[2-6周]星期二第5,6节,[2-6周]星期二第7节,[7-10周]星期二第5,6节,[7-10周]星期二第7节◇(一)301◇",一般专业类,选修,自动化科学与电气工程学院,1.5,140/180 对外:0/0
B3J033550,虚拟现实技术(全汉语),,,,,学院路校区,"赵永嘉◇[1-13周]星期二第9,10节◇(一)301◇",一般专业类,选修,自动化科学与电气工程学院,1.5,111/180 对外:0/0
B3J033570,应用离散数学(全汉语),,,,,学院路校区,"郑  征◇[1-12周]星期三第5,6节,[1-12周]星期三第7节◇主南201◇",一般专业类,选修,自动化科学与电气工程学院,2.0,80/180 对外:1/1
B3J033810,信息理论与技术基础(全汉语),,,,,学院路校区,"陶  飞◇[1-17周]星期一第10节,[1-17周]星期一第11节◇(一)304◇",一般专业类,选修,自动化科学与电气工程学院,2.0,36/100 对外:0/0
B3J043940,计算机软件技术基础(全汉语),,,,,学院路校区,"岳  明◇[1-17周]星期四第7,8节◇(三)219◇",一般专业类,选修,能源与动力工程学院,2.0,80/230 对外:0/0
B3J05011A,航空发动机原理及应用(全汉语),,,,,学院路校区,"周尧明◇[2-13周]星期一第7,8节◇(一)301◇",一般专业类,选修,航空科学与工程学院,1.5,48/120 对外:0/0
B3J05011A,航空发动机原理及应用(全汉语),,,,,学院路校区,"祝  明◇[2-13周]星期一第1,2节◇(一)301◇",一般专业类,选修,航空科学与工程学院,1.5,71/120 对外:0/0
B3J05011A,航空发动机原理及应用(全汉语),,,,,学院路校区,"陶国权◇[2-13周]星期五第5,6节◇(一)204◇",一般专业类,选修,航空科学与工程学院,1.5,86/120 对外:0/0
B3J05014A,飞行器适航基础(全汉语),,,,,学院路校区,"孙康文◇[2-10周]星期三第1,2节◇主北305◇",一般专业类,选修,航空科学与工程学院,1.0,77/160 对外:0/0
B3J05020A,航空工程大型通用软件应用（1）(全汉语),,,,,学院路校区,"吴永康,焦起祥,周  越,邹  辉,罗明强,胡天翔,姜振华◇[2-14周]星期二第1,2节◇◇",一般专业类,选修,航空科学与工程学院,1.5,2/60 对外:0/0
B3J05020A,航空工程大型通用软件应用（1）(全汉语),,,,,学院路校区,"吴永康,焦起祥,周  越,邹  辉,罗明强,胡天翔,姜振华◇[2-14周]星期三第7,8节◇◇",一般专业类,选修,航空科学与工程学院,1.5,5/60 对外:0/0
B3J05020A,航空工程大型通用软件应用（1）(全汉语),,,,,学院路校区,"吴永康,焦起祥,周  越,邹  辉,罗明强,胡天翔,姜振华◇[2-14周]星期四第7,8节◇◇",一般专业类,选修,航空科学与工程学院,1.5,0/60 对外:0/8
B3J05020A,航空工程大型通用软件应用（1）(全汉语),,,,,学院路校区,"吴永康,焦起祥,周  越,邹  辉,罗明强,胡天翔,姜振华◇[2-14周]星期五第9,10节◇◇",一般专业类,选修,航空科学与工程学院,1.5,13/60 对外:0/0
B3J05020A,航空工程大型通用软件应用（1）(全汉语),,,,,学院路校区,"吴永康,焦起祥,周  越,邹  辉,罗明强,胡天翔,姜振华◇[2-14周]星期一第9,10节◇◇",一般专业类,选修,航空科学与工程学院,1.5,6/60 对外:0/0
B3J05023A,结构设计适航基础(全汉语),,,,,学院路校区,"徐伟强◇[1-17周]星期五第7,8节◇F101◇",一般专业类,选修,航空科学与工程学院,2.0,264/287 对外:0/0
B3J05026A,损伤容限设计(全汉语),,,,,学院路校区,"张纪奎◇[10-17周]星期三第9,10节◇E207◇",一般专业类,选修,航空科学与工程学院,1.0,208/287 对外:0/0
B3J05027A,微小型飞行器创新设计与实践(全汉语),,,,,学院路校区,"吴永康,焦起祥,王维军,黄  俊,万志强,王耀坤◇[1-17周]秋季学期主要为理论、春季学期为实验制作◇",一般专业类,选修,航空科学与工程学院,2.0,176/287 对外:0/0
B3J05039A,空气动力学B（2）(全汉语),,,,,学院路校区,"潘  翀,高振勋,胡天翔◇[1-17周]星期五第5,6节◇(一)316◇",一般专业类,选修,航空科学与工程学院,2.0,104/150 对外:0/0
B3J05039A,空气动力学B（2）(全汉语),,,,,学院路校区,"吴宗成,郭  辉◇[1-17周]星期五第5,6节◇(一)317◇",一般专业类,选修,航空科学与工程学院,2.0,269/287 对外:0/0
B3J05045A,水动力学基础(全汉语),,,,,学院路校区,"马  亮◇[1-17周]星期三第7,8节◇(一)215◇",一般专业类,选修,航空科学与工程学院,2.0,264/287 对外:0/0
B3J050621,Finite Element Method with Programming(全英语),,,,,学院路校区,"张  彤,孙玉鑫,郭早阳,董雷霆◇[2-13周]星期二第7,8节,[2-13周]星期四第3,4节◇(一)317◇",一般专业类,选修,航空科学与工程学院,3.0,96/100 对外:0/0
B3J05066A,矢量、场论及张量初步(全汉语),,,,,学院路校区,"张  铮◇[1-17周]星期一第7,8节◇(一)317◇",一般专业类,选修,航空科学与工程学院,2.0,237/287 对外:0/0
B3J05070A,振动力学基础(全汉语),,,,,学院路校区,"邢誉峰◇[1-17周]星期二第1,2节◇F118◇",一般专业类,选修,航空科学与工程学院,2.0,5/53 对外:0/0
B3J05083A,换热器设计(全汉语),,,,,学院路校区,"高红霞◇[10-17周]星期一第5,6节◇E207◇",一般专业类,选修,航空科学与工程学院,1.0,242/287 对外:0/0
B3J05092A,张量计算初步及其在力学中的应用(全汉语),,,,,学院路校区,"陈来文◇[1周]星期一第1,2节,[2-17周]星期一第1,2节◇(一)317,F118◇",一般专业类,选修,航空科学与工程学院,2.0,266/287 对外:0/0
B3J05391A,水波方程与非线性可积系统(全汉语),,,,,学院路校区,"于  鑫◇[1-17周]星期二第1,2节◇F121◇",一般专业类,选修,航空科学与工程学院,2.0,289/295 对外:0/0
B3J063310,信号与系统(全汉语),,,,,学院路校区,"何  兵,张永飞◇[17周]星期一第7,8节,[4-16周]星期一第7,8节◇主203◇",一般专业类,选修,计算机学院,2.0,214/230 对外:0/0
B3J063320,嵌入式系统设计实训,,,,,学院路校区,"牛建伟,姜宏旭◇[1-17周]星期一第1,2节◇主南201◇*孙  青,李辉勇◇[6-17周]星期一第1,2节◇◇",一般专业类,选修,计算机学院,2.0,38/60 对外:0/0
B3J063830,RUBY语言程序设计(全汉语),,,,,学院路校区,"沃天宇◇[10-17周]星期四第5,6节◇主203◇",一般专业类,选修,计算机学院,1.0,264/280 对外:0/0
B3J063850,移动计算导论(全汉语),,,,,学院路校区,"牛建伟,阮  利,盛  浩◇[1-13周]星期四第1,2节◇主203◇",一般专业类,选修,计算机学院,1.5,158/180 对外:0/0
B3J063860,Android平台开发技术(全汉语),,,,,学院路校区,"张  炯◇[1-9周]星期二第1,2节◇主南201◇",一般专业类,选修,计算机学院,2.0,1/94 对外:0/3
B3J063890,MATLAB基础及其应用(全汉语),,,,,学院路校区,"郑  锦,张永飞◇[1-13周]星期五第7,8节◇主203◇",一般专业类,选修,计算机学院,2.0,45/150 对外:0/5
B3J063892,无线网络系统(全汉语),,使用新主楼F328教室,,,学院路校区,"白跃彬◇[1-17周]星期二第3,4节◇F328◇",一般专业类,选修,计算机学院,2.0,24/40 对外:0/0
B3J063894,智能计算体系结构(全汉语),,,,,学院路校区,"杨建磊◇[1-17周]星期三第7,8节◇主203◇",一般专业类,选修,计算机学院,2.0,170/200 对外:0/0
B3J063895,大数据科学导论(全汉语),,,,,学院路校区,"吴文峻◇[1-13周]星期三第1,2节◇主203◇",一般专业类,选修,计算机学院,1.5,173/200 对外:39/50
B3J073710,产品设计(1)(全汉语),,,,,学院路校区,"尹  虎◇[1-12周]星期二第1,2节,[1-12周]星期二第3,4节◇◇",一般专业类,选修,机械工程及自动化学院,2.5,7/30 对外:5/5
B3J073750,环境设计(1)(全汉语),,,,,学院路校区,"张  融,魏晓东◇[1-9周]星期一第1,2节,[1-9周]星期一第3,4节◇◇",一般专业类,选修,机械工程及自动化学院,2.0,3/30 对外:2/6
B3J082350,ERP沙盘模拟实验(全汉语),,,,,学院路校区,"韩小汀◇[13-15周]星期六第1,2节,[13-15周]星期六第3,4节,[13-15周]星期六第5,6节,[13-15周]星期六第7,8节◇A703◇",一般专业类,选修,经济管理学院,1.5,0/36 对外:0/0
B3J082350,ERP沙盘模拟实验(全汉语),,,,,学院路校区,"曹  明◇[9-11周]星期六第1,2节,[9-11周]星期六第3,4节,[9-11周]星期六第5,6节,[9-11周]星期六第7,8节◇A703◇",一般专业类,选修,经济管理学院,1.5,0/36 对外:0/0
B3J082630,职业能力提升-求职技能(全汉语),,,,,学院路校区,牟  晖◇[1-9周]星期三第7节◇(一)316◇,一般专业类,选修,经济管理学院,0.5,61/160 对外:0/0
B3J083410,可用性工程(全汉语),,,,,学院路校区,"周荣刚◇[1-17周]星期四第1,2节◇(一)215◇",一般专业类,选修,经济管理学院,2.0,80/173 对外:0/10
B3J083430,跨文化管理(全汉语),,,,,学院路校区,"方  虹◇[1-17周]星期一第7,8节◇(一)215◇",一般专业类,选修,经济管理学院,1.5,17/173 对外:0/10
B3J083450,商务口语(全英语),,,,,学院路校区,"李  卫◇[1-17周]星期三第5,6节◇(一)212◇",一般专业类,选修,经济管理学院,2.0,64/155 对外:0/0
B3J083470,数据库技术基础(全汉语),,,,,学院路校区,"何玉敏◇[1-12周]星期三第10节,[1-12周]星期三第11,12节◇(一)204◇",一般专业类,选修,经济管理学院,2.0,39/150 对外:1/36
B3J083490,系统分析与评价(全汉语),,,,,学院路校区,"罗开平◇[10-17周]星期五第7,8节,星期三第7,8节◇(一)204◇",一般专业类,选修,经济管理学院,2.0,125/173 对外:0/0
B3J083520,知识管理概论(全汉语),,,,,学院路校区,"王  君◇[4-15周]星期二第7,8节◇(一)304◇",一般专业类,选修,经济管理学院,1.5,49/173 对外:0/0
B3J09311A,计算几何(全汉语),,,,,学院路校区,"陈肖宇◇[1-17周]星期三第1,2节◇(一)207◇",一般专业类,选修,数学与系统科学学院,2.0,0/31 对外:1/14
B3J09321A,数理统计(全汉语),,,,,学院路校区,"刘  超◇[1-17单周]星期二第3,4节,[1-17周]星期五第1,2节◇主M204◇",一般专业类,必修,数学与系统科学学院,3.0,9/72 对外:9/11
B3J09331A,三年级研讨课（1）(全汉语),,,,,学院路校区,王  鹏◇[1-17周]星期一第2节◇主M404◇,一般专业类,选修,数学与系统科学学院,1.0,87/94 对外:0/0
B3J09331A,三年级研讨课（1）(全汉语),,,,,学院路校区,"杨义川◇[10-17周]星期三第9,10节◇主M404◇",一般专业类,选修,数学与系统科学学院,1.0,80/94 对外:0/0
B3J09331A,三年级研讨课（1）(全汉语),,,,,学院路校区,"郭定辉◇[1-9周]星期四第7,8节◇主M404◇",一般专业类,选修,数学与系统科学学院,1.0,88/94 对外:0/1
B3J09331A,三年级研讨课（1）(全汉语),,,,,学院路校区,"王进良◇[1-9周]星期二第7,8节◇主M404◇",一般专业类,选修,数学与系统科学学院,1.0,35/94 对外:0/0
B3J100190,系统工程概论(全汉语),,,,,学院路校区,"周前祥◇[1-13周]星期二第3,4节◇(一)304◇",一般专业类,选修,生物与医学工程学院,1.5,128/155 对外:12/19
B3J113150,政府公共关系与危机管理(全汉语),,,,,学院路校区,"贾哲敏◇[1-17周]星期二第5,6节◇D215◇",一般专业类,选修,人文社会科学学院,2.0,4/52 对外:0/5
B3J113210,地方政府管理(全汉语),,,,,学院路校区,"涂晓芳,杜治洲◇[1-7,10,15-17周]星期四第1,2节,[12-14周]星期四第1,2节,[2,4周]星期四第3,4节,[8-10周]星期四第1,2节◇D215,D218◇",一般专业类,选修,人文社会科学学院,2.0,5/41 对外:2/5
B3J113220,公共部门决策理论与方法(全汉语),,,,,学院路校区,"胡象明◇[1-17周]星期四第7,8节◇D215◇",一般专业类,选修,人文社会科学学院,2.0,0/40 对外:1/5
B3J113230,比较政府与政治(全汉语),,,,,学院路校区,"任丙强◇[1-17周]星期二第3,4节◇F205◇",一般专业类,选修,人文社会科学学院,2.0,0/40 对外:0/4
B3J113240,计算机网络与应用(全汉语),,,,,学院路校区,"简南红◇[1-12周]星期五第5,6节,[1-12周]星期五第7节◇F121◇",一般专业类,选修,人文社会科学学院,2.0,20/52 对外:0/5
B3J113410,变态心理学(全汉语),,,,,学院路校区,"王慧琳◇[1-17周]星期一第3,4节◇F207◇",一般专业类,选修,人文社会科学学院,2.0,23/58 对外:0/10
B3J113730,法经济学(全汉语),,,,,学院路校区,"黄  岩◇[1-17周]星期三第5,6节◇C102◇",一般专业类,选修,人文社会科学学院,2.0,2/77 对外:4/13
B3J113840,外国税制(全汉语),,,,,学院路校区,"韩  霞◇[1-17周]星期三第7,8节◇F117◇",一般专业类,选修,人文社会科学学院,2.0,6/56 对外:0/0
B3J113890,项目管理(全汉语),,,,,学院路校区,"侯琳琳◇[1-17周]星期一第3,4节◇C102◇",一般专业类,选修,人文社会科学学院,2.0,1/61 对外:0/5
B3J113920,计量实验课(全汉语),,,,,学院路校区,"刘美芳◇[10-17周]星期五第5,6节◇C102◇",一般专业类,选修,人文社会科学学院,2.0,2/66 对外:1/7
B3J114430,航空航天心理学(全汉语),,,,,学院路校区,"邓丽芳◇[1-9周]星期四第5,6节◇F207◇",一般专业类,选修,人文社会科学学院,2.0,1/32 对外:0/10
B3J123110,语音与音系(全英语),,,,,学院路校区,"袁  野◇[1-17周]星期二第3,4节◇主南208◇",一般专业类,选修,外国语学院,2.0,14/30 对外:1/3
B3J123120,语义学(英汉双语),,,,,学院路校区,"王洪磊◇[1-17周]星期三第7,8节◇主北402◇",一般专业类,选修,外国语学院,2.0,23/50 对外:3/5
B3J123130,词汇学(全英语),,,,,学院路校区,"田飞洋◇[1周]星期一第5,6节,[2-17周]星期五第7,8节◇主南208◇",一般专业类,选修,外国语学院,2.0,28/50 对外:0/5
B3J123150,认知语言学(英汉双语),,,,,学院路校区,"李福印◇[1周]星期五第1,2节,[2-17周]星期一第3,4节◇F207,主南204◇",一般专业类,选修,外国语学院,2.0,29/50 对外:1/5
B3J123170,德语国家国情(其他语言),,,,,学院路校区,"Barbara Nowara◇[1-17周]星期一第1,2节◇主南206◇",一般专业类,选修,外国语学院,2.0,20/30 对外:0/0
B3J123180,德语写作（2）(其他语言),,,,,学院路校区,"Barbara Nowara◇[1-17周]星期二第1,2节◇主南206◇",一般专业类,选修,外国语学院,2.0,18/30 对外:0/0
B3J123190,德语文学流派(其他语言),,,,,学院路校区,"吴晓樵◇[1-17周]星期三第1,2节◇主南202◇",一般专业类,选修,外国语学院,2.0,20/30 对外:0/0
B3J123191,高级德语口语（1）(其他语言),,,,,学院路校区,"Barbara Nowara◇[1-17周]星期一第3,4节◇主南206◇",一般专业类,选修,外国语学院,2.0,15/30 对外:0/0
B3J123310,英国文学史(英汉双语),,,,,学院路校区,"张继琴◇[1-17周]星期四第5,6节◇D221◇",一般专业类,选修,外国语学院,2.0,31/50 对外:2/5
B3J123320,美国文学史(英汉双语),,,,,学院路校区,"李  英◇[1-17周]星期三第1,2节◇D221◇",一般专业类,选修,外国语学院,2.0,24/50 对外:4/10
B3J123330,英诗赏析(英汉双语),,,,,学院路校区,"顿  超◇[1-17周]星期三第5,6节◇D225◇",一般专业类,选修,外国语学院,2.0,28/50 对外:0/5
B3J123350,英语短篇小说(英汉双语),,,,,学院路校区,"邢春丽◇[1-17周]星期一第5,6节◇主南205◇",一般专业类,选修,外国语学院,2.0,28/50 对外:4/10
B3J123360,英语国家文学(英汉双语),,,,,学院路校区,"黄重凤◇[1-17周]星期二第3,4节◇F203◇",一般专业类,选修,外国语学院,2.0,30/50 对外:1/5
B3J123660,修辞理论(全英语),,,,,学院路校区,"胥国红◇[1-17周]星期四第1,2节◇主南207◇",一般专业类,选修,外国语学院,2.0,23/30 对外:0/0
B3J13271A,房屋建筑学(全汉语),,,,,学院路校区,"白  音◇[4-12周]星期四第5,6节,星期一第5,6节◇F118◇",一般专业类,选修,交通科学与工程学院,4.5,3/46 对外:0/0
B3J13312A,工程仿真软件基础(全汉语),,,,,学院路校区,"胡大勇◇[1-6周]星期一第5,6节,[1-6周]星期一第7,8节◇(一)306◇",一般专业类,选修,交通科学与工程学院,1.0,43/60 对外:0/5
B3J13316A,汽车材料(全英语),,,,,学院路校区,"许  骏◇[1-17周]星期二第7,8节◇D218◇",一般专业类,选修,交通科学与工程学院,2.0,30/50 对外:0/6
B3J13321A,液压与气动基础(全汉语),,,,,学院路校区,"王  岩◇[1-9周]星期三第7,8节,星期五第7,8节◇D225◇",一般专业类,选修,交通科学与工程学院,2.0,5/50 对外:1/6
B3J13324A,有限元基础(全汉语),,,,,学院路校区,"刘艳芳◇[1-9双周]星期五第3,4节,[1-9周]星期三第3,4节◇C102◇",一般专业类,选修,交通科学与工程学院,1.5,9/50 对外:4/6
B3J13336A,交通心理与行为(全汉语),,,,,学院路校区,"丁  川,于  滨◇[1-9周]星期二第7,8节,[1-9周]星期四第5,6节◇F203◇",一般专业类,选修,交通科学与工程学院,2.0,1/22 对外:0/0
B3J13341A,交通运输网络分析(全汉语),,,,,学院路校区,"于  滨◇[1-9周]星期二第5,6节,星期五第5,6节◇(一)306◇",一般专业类,选修,交通科学与工程学院,2.0,-2/22 对外:0/0
B3J13361B,人因工程与飞行安全(全汉语),,,,,学院路校区,"杜俊敏◇[10-17周]星期五第9,10节,星期三第9,10节◇(一)203◇",一般专业类,选修,交通科学与工程学院,2.0,2/20 对外:0/0
B3J13371A,有限元基础(全汉语),,,,,学院路校区,"高政国◇[1-9周]星期三第7,8节◇(一)209◇",一般专业类,选修,交通科学与工程学院,1.0,0/55 对外:0/5
B3J13372A,工程地质学(全汉语),,,,,学院路校区,"冯锦艳◇[1,2周]星期四第3,4节,星期一第3,4节,[1,2周]星期四第5,6节,星期一第5,6节◇(四)406◇",一般专业类,选修,交通科学与工程学院,1.5,12/55 对外:5/5
B3J13373A,工程概预算(全汉语),,,,,学院路校区,"罗  汀◇[3-11周]星期二第5,6节◇F118◇",一般专业类,选修,交通科学与工程学院,1.0,0/46 对外:0/0
B3J13419A,单片机原理及系统设计(全汉语),,,,,学院路校区,"王  建◇[1-13周]星期一第5,6节◇(一)302◇",一般专业类,选修,交通科学与工程学院,1.0,2/70 对外:1/7
B3J13464B,飞机环境控制系统与适航(全汉语),,,,,学院路校区,"柯  鹏◇[1-9周]星期五第3,4节,星期一第3,4节◇(一)103◇",一般专业类,选修,交通科学与工程学院,2.0,9/30 对外:3/5
B3J14323A,可靠性试验技术(全汉语),,,,,学院路校区,"王晓红◇[1-13周]星期三第5,6节◇E207◇",一般专业类,选修,可靠性与系统工程学院,1.5,6/79 对外:0/0
B3J14331B,产品可靠性维修性设计(全汉语),,,,,学院路校区,"周  栋,杨德真◇[13,14周]◇",一般专业类,选修,可靠性与系统工程学院,1.0,11/81 对外:0/0
B3J153620,传感器技术与测试系统(全汉语),,,,,学院路校区,"王可东◇[1-9周]星期五第1,2节,星期一第1,2节◇D215◇",一般专业类,选修,宇航学院,2.0,20/54 对外:0/0
B3J153910,航天飞行器操作与应用基础(全汉语),,,,,学院路校区,"董云峰◇[1-13周]星期二第7,8节◇(一)201◇",一般专业类,选修,宇航学院,1.5,34/183 对外:0/0
B3J153960,工程热力学与传热学(全汉语),,,,,学院路校区,"王长辉◇[1-17周]星期三第1,2节◇F213◇",一般专业类,选修,宇航学院,2.0,7/65 对外:0/0
B3J153960,工程热力学与传热学(全汉语),,,,,学院路校区,"王一白◇[1-17周]星期三第1,2节◇F228◇",一般专业类,选修,宇航学院,2.0,54/65 对外:0/0
B3J153980,新概念航天器——绳系系统和太阳帆导论(全汉语),,,,,学院路校区,"钟  睿◇[1-13周]星期三第7,8节◇(一)201◇",一般专业类,选修,宇航学院,1.5,120/183 对外:0/0
B3J173420,激光原理与技术(全汉语),,,,,学院路校区,"杨远洪◇[1-17单周]星期三第7,8节,[1-17周]星期一第3,4节◇F121,F122◇",一般专业类,必修,仪器科学与光电工程学院,3.0,9/95 对外:0/85
B3J173420,激光原理与技术(全汉语),,,,,学院路校区,"胡姝玲◇[1-17单周]星期三第7,8节,[1-17周]星期一第3,4节◇F227,F228◇",一般专业类,必修,仪器科学与光电工程学院,3.0,43/95 对外:35/85
B3J173510,传感器技术及应用(全汉语),,,,,学院路校区,"樊尚春◇[1-16双周]星期一第5,6节,[1-16周]星期三第1,2节◇F101◇",一般专业类,必修,仪器科学与光电工程学院,3.0,5/75 对外:2/65
B3J173510,传感器技术及应用(全汉语),,,,,学院路校区,"郭占社◇[1-16双周]星期一第5,6节,[1-16周]星期三第1,2节◇F102◇",一般专业类,必修,仪器科学与光电工程学院,3.0,17/75 对外:7/65
B3J173510,传感器技术及应用(全汉语),,,,,学院路校区,"李  成◇[1-16双周]星期一第5,6节,[1-16周]星期三第1,2节◇F121◇",一般专业类,必修,仪器科学与光电工程学院,3.0,54/75 对外:44/65
B3J193710,专业英语(英汉双语),,,,,学院路校区,"朱开贵◇[1-17周]星期二第5,6节◇(三)215◇",一般专业类,选修,物理科学与核能工程学院,2.0,14/70 对外:1/5
B3J193720,物理学前沿专题(全汉语),,,,,学院路校区,"周  苗◇[1-17周]星期五第1,2节◇主北305◇",一般专业类,选修,物理科学与核能工程学院,2.0,2/57 对外:0/0
B3J193740,半导体物理导论(全汉语),,,,,学院路校区,"时洪亮◇[1-17周]星期三第7,8节◇主北305◇",一般专业类,选修,物理科学与核能工程学院,2.0,18/75 对外:0/7
B3J193760,数学物理方法（2）(全汉语),,,,,学院路校区,"郭怀明◇[1-13周]星期三第1,2节,[1-13周]星期五第3,4节◇主北307◇",一般专业类,必修,物理科学与核能工程学院,3.0,39/85 对外:3/15
B3J193810,信号与系统(全汉语),,,,,学院路校区,"李  华◇[1-9周]星期二第7,8节,[1-9周]星期五第5,6节◇主M203(录播),主M204◇",一般专业类,选修,物理科学与核能工程学院,2.0,33/75 对外:0/16
B3J193830,微机原理与接口技术(全汉语),,,,,学院路校区,"郑  明◇[1-9周]星期二第3,4节,[1-9周]星期四第1,2节◇(三)215◇",一般专业类,选修,物理科学与核能工程学院,2.0,53/75 对外:5/5
B3J193870,激光原理与激光测量(全汉语),,,,,学院路校区,"钱建强◇[1-17周]星期四第10节,[1-17周]星期四第11节◇主北305◇",一般专业类,选修,物理科学与核能工程学院,2.0,43/70 对外:0/5
B3J193880,信息光学(全汉语),,,,,学院路校区,"王三胜◇[1-17周]星期二第1,2节◇主北305◇",一般专业类,选修,物理科学与核能工程学院,2.0,47/70 对外:0/6
B3J193910,核科学概论(全汉语),,,,,学院路校区,"竺礼华◇[1-17周]星期二第3,4节◇主北402◇",一般专业类,选修,物理科学与核能工程学院,2.0,16/40 对外:0/15
B3J193920,核技术基础(全汉语),,,,,学院路校区,"乐小云◇[1-3周]星期四第9,10节,[4-17周]星期四第9,10节◇(一)209,主北306◇",一般专业类,选修,物理科学与核能工程学院,2.0,16/40 对外:1/15
B3J203110,破产法(全汉语),,,,,学院路校区,"乔博娟◇[1-17周]星期一第5,6节◇F201◇",一般专业类,选修,法学院,2.0,5/64 对外:0/10
B3J20321A,经济法(全汉语),,,,,学院路校区,"王  丽◇[1-13周]星期三第7,8节,星期一第7,8节◇F201◇",一般专业类,选修,法学院,3.0,47/64 对外:0/10
B3J203220,环境法(全汉语),,,,,学院路校区,"梁文婷◇[1-12周]星期二第11节,[1-12周]星期二第9,10节◇F201◇",一般专业类,必修,法学院,2.0,26/64 对外:0/10
B3J203240,金融法(全汉语),,,,,学院路校区,"朱晓婷◇[1-17周]星期三第3,4节◇F201◇",一般专业类,选修,法学院,2.0,18/64 对外:0/10
B3J203250,保险法(全汉语),,,,,学院路校区,"任自力◇[1-17周]星期三第5,6节◇F201◇",一般专业类,选修,法学院,2.0,25/64 对外:1/10
B3J203260,票据法(全汉语),,,,,学院路校区,"王  丽,周学峰◇[1-9周]星期一第3,4节,[10-17周]星期一第3,4节◇F201◇",一般专业类,选修,法学院,2.0,44/64 对外:3/10
B3J203270,财税法(全汉语),,,,,学院路校区,"董杜骄◇[1-17周]星期一第1,2节◇F201◇",一般专业类,选修,法学院,2.0,11/64 对外:1/10
B3J203290,电子商务法(全汉语),,,,,学院路校区,"董杜骄◇[1-17周]星期二第1,2节◇F201◇",一般专业类,选修,法学院,2.0,6/64 对外:0/10
B3J203311,知识产权法（全英文）(全英语),,,,,学院路校区,"孙新强◇[1-17周]星期五第5,6节◇F201◇",一般专业类,选修,法学院,2.0,22/64 对外:0/10
B3J203420,强制执行法(全汉语),,,,,学院路校区,"张晓茹◇[10-17周]星期四第7,8节,星期二第7,8节◇F201◇",一般专业类,选修,法学院,2.0,48/64 对外:1/10
B3J203430,仲裁法(全汉语),,,,,学院路校区,"张晓茹◇[10-17周]星期三第1,2节◇F201◇",一般专业类,选修,法学院,1.0,34/64 对外:0/10
B3J203610,人权法(全汉语),,,,,学院路校区,"翟庆振◇[1-17周]星期四第1,2节◇F201◇",一般专业类,选修,法学院,2.0,51/64 对外:0/10
B3J205840,司法实务(全汉语),,,,,学院路校区,"肖建华◇[5-15周]星期四第11节,[5-15周]星期四第9,10节◇F201◇",一般专业类,选修,法学院,2.0,47/64 对外:1/10
B3J213110,数字电路分析设计,,,,,学院路校区,"邓莹莹◇[1-13周]星期一第7,8节◇工训中心◇*邓莹莹◇[14-17周]星期一第7,8节,[14-17周]星期一第9,10节◇◇",一般专业类,选修,软件学院,2.0,102/155 对外:0/0
B3J213120,嵌入式系统(全汉语),,,,,学院路校区,"康一梅◇[1-17周]星期三第7,8节◇主南210◇",一般专业类,选修,软件学院,2.0,111/165 对外:0/5
B3J213210,数据挖掘概论(全汉语),,,,,学院路校区,"杜孝平◇[1-17周]星期二第5,6节◇主南210◇",一般专业类,选修,软件学院,2.0,12/180 对外:1/5
B3J213220,网络存储,,,,,学院路校区,"路新喜◇[1-7,9-14单,15-17周]星期四第3,4节◇主南210◇*路新喜◇[7-14双周]星期四第11,12节,[7-14双周]星期四第9,10节◇◇",一般专业类,选修,软件学院,2.0,25/180 对外:2/3
B3J213711,网络管理(全英语),,,,,学院路校区,"Ian◇[1-16双周]星期四第7,8节◇主南210◇",一般专业类,选修,软件学院,1.0,61/180 对外:2/5
B3J213721,数据管理(全英语),,,,,学院路校区,"Ian◇[1-18单周]星期四第7,8节◇主南210◇",一般专业类,选修,软件学院,1.0,51/180 对外:3/5
B3J213810,响应式web设计(全汉语),,,,,学院路校区,"李祺◇[5-12双周]星期日第5,6节◇主南210◇",一般专业类,选修,软件学院,1.0,138/180 对外:0/5
B3J213820,大数据概论(全汉语),,,,,学院路校区,"李祺◇[3-10双周]星期三第9,10节◇主南210◇",一般专业类,选修,软件学院,1.0,69/180 对外:0/5
B3J263460,UI设计(全汉语),,,,,学院路校区,王  宁◇[14-16周]◇,一般专业类,选修,新媒体艺术与设计学院,2.0,-1/25 对外:0/0
B3J263470,包装设计(全汉语),,,,,学院路校区,"宋泽惠◇[1,2,4周]◇",一般专业类,选修,新媒体艺术与设计学院,2.0,6/25 对外:0/0
B3J263620,动态图像设计(全汉语),,,,,学院路校区,"刘莎◇[1,2,4周]◇",一般专业类,选修,新媒体艺术与设计学院,2.0,40/62 对外:0/0
B3J263630,实验影像创作(全汉语),,,,,学院路校区,刘  恪◇[14-16周]◇,一般专业类,选修,新媒体艺术与设计学院,2.0,6/25 对外:0/0
B3J263640,三维图像设计基础(全汉语),,,,,学院路校区,徐静秋◇[6-8周]◇,一般专业类,选修,新媒体艺术与设计学院,2.0,6/25 对外:0/0
B3J263790,油画基础(全汉语),,,,,学院路校区,"庄维嘉◇[1,2,4周]◇",一般专业类,选修,新媒体艺术与设计学院,2.0,6/25 对外:0/0
B3J263810,丝网版画基础(全汉语),,,,,学院路校区,王  丹◇[14-16周]◇,一般专业类,选修,新媒体艺术与设计学院,2.0,10/25 对外:0/0
B3J263820,水墨小品(全汉语),,,,,学院路校区,李  佳◇[6-8周]◇,一般专业类,选修,新媒体艺术与设计学院,2.0,9/25 对外:0/0
B3J263920,交互动画设计(全汉语),,,,,学院路校区,胡  勇◇[6-8周]◇,一般专业类,选修,新媒体艺术与设计学院,2.0,0/25 对外:0/0
B3J27334B,高分子化学,,,,,学院路校区,"王明存◇[2-12周]星期一第7,8节,星期四第7,8节◇(一)405◇*王明存◇[12-15周]星期五第5,6节,[12-15周]星期五第7,8节◇◇",一般专业类,选修,化学学院,3.0,0/20 对外:0/0
B3J27334B,高分子化学,,,,,学院路校区,"王明存◇[2-12周]星期一第7,8节,星期四第7,8节◇(一)405◇*王明存◇[12-15周]星期日第5,6节,[12-15周]星期日第7,8节◇◇",一般专业类,选修,化学学院,3.0,5/23 对外:0/0
B3J27336B,化工原理(全汉语),,,,,学院路校区,"高龙成,赵东宇◇[1,3-17周]星期一第1,2节,[1-17单周]星期三第1,2节,[2周]星期一第1,2节◇(一)405◇",一般专业类,选修,化学学院,3.0,7/50 对外:0/0
B3J27341B,中级无机化学(全汉语),,,,,学院路校区,"高秋明◇[1-17单周]星期三第3,4节,[1-17周]星期一第5,6节◇(三)218◇",一般专业类,选修,化学学院,3.0,20/50 对外:0/0
B3J27343C,化学进展(英汉双语),,,,,学院路校区,"高秋明◇[1-17双周]星期三第3,4节,[1-17周]星期一第3,4节◇(三)218◇",一般专业类,选修,化学学院,3.0,22/50 对外:0/0
B3J27344B,基础生物化学(全汉语),,,,,学院路校区,"范  霞◇[1-17周]星期四第5,6节◇F101◇",一般专业类,选修,化学学院,2.0,16/50 对外:0/0
B3J27345B,超分子化学(全汉语),,,,,学院路校区,"刘全勇◇[1-17周]星期二第5,6节◇E207◇",一般专业类,选修,化学学院,2.0,28/50 对外:0/0
B3J27351B,复合材料(全汉语),,,,,学院路校区,"杨中甲◇[3-11周]星期二第7,8节,[3-11周]星期三第5,6节◇(一)407◇",一般专业类,选修,化学学院,2.0,16/50 对外:0/0
B3J273681,软物质科学导论（英文）(全英语),,,,,学院路校区,"刘  丽◇[1-17周]星期四第3,4节◇F203◇",一般专业类,选修,化学学院,2.0,31/50 对外:0/0
B3I013240,高分子物理(全汉语),,,,,学院路校区,"杨继萍◇[1-17双周]星期四第5,6节,[1-17周]星期二第3,4节◇(三)219◇",核心专业类,必修,材料科学与工程学院,3.0,13/180 对外:0/0
B3I013250,电化学原理(全汉语),,,,,学院路校区,"李松梅◇[1-17单周]星期四第5,6节,[1-17周]星期三第3,4节◇(三)219◇",核心专业类,必修,材料科学与工程学院,3.0,19/180 对外:0/0
B3I013260,材料物理性能(全汉语),,,,,学院路校区,"毕晓昉◇[1-17双周]星期二第5,6节,[1-17周]星期五第3,4节◇(三)219◇",核心专业类,必修,材料科学与工程学院,3.0,18/180 对外:0/0
B3I013270,材料力学性能(全汉语),,,,,学院路校区,"张  峥,吴素君◇[1-12单周]星期三第1,2节,[1-12周]星期一第1,2节,[13-17单周]星期三第1,2节,[13-17周]星期一第1,2节◇(三)219◇",核心专业类,必修,材料科学与工程学院,3.0,18/180 对外:0/0
B3I013310,材料合成与制备自主综合实验(全汉语),,,,,学院路校区,"沙江波◇[2-17周]星期五第5,6节,星期一第5,6节,星期三第5,6节,[2-17周]星期五第7,8节,星期一第7,8节,星期三第7,8节◇◇",核心专业类,必修,材料科学与工程学院,1.0,24/180 对外:15/15
B3I013320,材料的组成与结构分析综合实验(全汉语),,,,,学院路校区,"段辉平◇[2-17周]星期五第5,6节,星期一第5,6节,星期三第5,6节,[2-17周]星期五第7,8节,星期一第7,8节,星期三第7,8节◇◇",核心专业类,必修,材料科学与工程学院,1.0,24/180 对外:15/15
B3I013330,材料的物理和力学性能综合实验(全汉语),,,,,学院路校区,"毕晓昉◇[2-17周]星期五第5,6节,星期一第5,6节,星期三第5,6节,[2-17周]星期五第7,8节,星期一第7,8节,星期三第7,8节◇◇",核心专业类,必修,材料科学与工程学院,1.0,24/180 对外:0/0
B3I013340,材料的环境作用与电化学综合实验(全汉语),,,,,学院路校区,"李松梅◇[2-17周]星期五第5,6节,星期一第5,6节,星期三第5,6节,[2-17周]星期五第7,8节,星期一第7,8节,星期三第7,8节◇◇",核心专业类,必修,材料科学与工程学院,1.0,24/180 对外:0/0
B3I013350,材料的工艺成型技术综合实验(全汉语),,,,,学院路校区,"王  凯◇[2-17周]星期五第5,6节,星期一第5,6节,星期三第5,6节,[2-17周]星期五第7,8节,星期一第7,8节,星期三第7,8节◇◇",核心专业类,必修,材料科学与工程学院,1.0,24/180 对外:0/0
B3I023150,微波技术(全汉语),,,,,学院路校区,"苗俊刚,叶修竹,王正鹏◇[1-17周]星期三第1,2节,星期一第1,2节◇F219◇",核心专业类,必修,电子信息工程学院,3.5,8/50 对外:0/0
B3I023150,微波技术(全汉语),,,,,学院路校区,"全绍辉◇[1-17周]星期二第5,6节,[1-17周]星期四第3,4节◇F227◇",核心专业类,必修,电子信息工程学院,3.5,29/95 对外:3/5
B3I023150,微波技术(全汉语),,,,,学院路校区,"邓  晖◇[1-17周]星期二第5,6节,[1-17周]星期四第3,4节◇F228◇",核心专业类,必修,电子信息工程学院,3.5,4/85 对外:5/5
B3I023150,微波技术(全汉语),,,,,学院路校区,"许  鼎,白  明,胡岸勇◇[1-17周]星期二第5,6节,[1-17周]星期四第3,4节◇G101◇",核心专业类,必修,电子信息工程学院,3.5,1/85 对外:5/5
B3I023150,微波技术(全汉语),,,,,学院路校区,"李志平,孙国琳,阮存军◇[1-17周]星期二第5,6节,[1-17周]星期四第3,4节◇G201◇",核心专业类,必修,电子信息工程学院,3.5,6/85 对外:5/5
B3I023160,电子电路（2）(全汉语),,,,,学院路校区,"刘荣科◇[1-17周]星期二第1,2节,[1-17周]星期五第3,4节◇(一)202◇",核心专业类,必修,电子信息工程学院,3.5,9/50 对外:0/0
B3I023160,电子电路（2）(全汉语),,,,,学院路校区,"杨昕欣,孙  桦◇[1-17周]星期三第1,2节,[1-17周]星期一第5,6节◇(一)201◇",核心专业类,必修,电子信息工程学院,3.5,37/120 对外:10/10
B3I023160,电子电路（2）(全汉语),,,,,学院路校区,"杨昕欣◇[1-17周]星期三第5,6节,[1-17周]星期一第1,2节◇(一)201◇",核心专业类,必修,电子信息工程学院,3.5,7/120 对外:10/10
B3I023160,电子电路（2）(全汉语),,,,,学院路校区,"田亚飞◇[1-17周]星期三第1,2节,[1-17周]星期一第5,6节◇(一)212◇",核心专业类,必修,电子信息工程学院,3.5,0/121 对外:0/0
B3I023170,数字电路与系统(全汉语),,,,,学院路校区,"熊华钢,何  锋◇[1-17周]星期四第3,4节,星期一第3,4节◇(一)202◇",核心专业类,必修,电子信息工程学院,3.5,9/50 对外:0/0
B3I023170,数字电路与系统(全汉语),,,,,学院路校区,"高  强◇[1,3-17周]星期一第3,4节,[1-17周]星期五第3,4节◇(一)212◇",核心专业类,必修,电子信息工程学院,3.5,5/120 对外:5/10
B3I023170,数字电路与系统(全汉语),,,,,学院路校区,"王  彤◇[1-17周]星期五第3,4节,星期一第3,4节◇(一)301◇",核心专业类,必修,电子信息工程学院,3.5,23/120 对外:10/10
B3I023170,数字电路与系统(全汉语),,,,,学院路校区,"李  峭◇[1-17周]星期五第3,4节,星期一第3,4节◇(一)304◇",核心专业类,必修,电子信息工程学院,3.5,10/120 对外:10/10
B3I023180,数字信号处理(全汉语),,,,,学院路校区,"王  俊◇[1-17周]星期三第3,4节,[1-17周]星期五第1,2节◇主南210◇",核心专业类,必修,电子信息工程学院,3.5,26/70 对外:8/29
B3I023180,数字信号处理(全汉语),,,,,学院路校区,"万国龙◇[1-17周]星期三第3,4节,[1-17周]星期五第1,2节◇(一)201◇",核心专业类,必修,电子信息工程学院,3.5,42/120 对外:10/10
B3I023180,数字信号处理(全汉语),,,,,学院路校区,"孙国良◇[1-17周]星期三第3,4节,[1-17周]星期五第1,2节◇(一)204◇",核心专业类,必修,电子信息工程学院,3.5,8/120 对外:10/10
B3I023180,数字信号处理(全汉语),,,,,学院路校区,"高  飞◇[1-17周]星期三第3,4节,[1-17周]星期五第1,2节◇(一)212◇",核心专业类,必修,电子信息工程学院,3.5,0/127 对外:10/10
B3I023181,数字信号处理（全英文）(全英语),,,,,学院路校区,"王祖林,田亚飞◇[1-7周]星期四第5,6节,星期二第5,6节,星期三第5,6节,[1-7周]星期四第7,8节,星期二第7,8节◇(一)302◇",核心专业类,必修,电子信息工程学院,3.5,20/40 对外:0/0
B3I023190,随机过程理论(全汉语),,,,,学院路校区,"张有光◇[1-17周]星期四第1,2节◇(一)202◇",核心专业类,必修,电子信息工程学院,2.0,26/70 对外:0/20
B3I023190,随机过程理论(全汉语),,,,,学院路校区,"李春升◇[1-17周]星期四第1,2节◇(一)212◇",核心专业类,必修,电子信息工程学院,2.0,0/121 对外:1/10
B3I023190,随机过程理论(全汉语),,,,,学院路校区,"徐华平◇[1周]星期四第1,2节,[2-17周]星期四第1,2节◇(一)201,(一)317◇",核心专业类,必修,电子信息工程学院,2.0,43/120 对外:8/10
B3I023190,随机过程理论(全汉语),,,,,学院路校区,"杨  威◇[1-17周]星期四第1,2节◇(一)204◇",核心专业类,必修,电子信息工程学院,2.0,9/120 对外:5/10
B3I023221,自动控制原理（全英文）(全英语),,,,,学院路校区,"韩圣千◇[8-13周]星期三第7,8节,[8-13周]星期四第5,6节,星期二第5,6节,星期三第5,6节◇(一)202◇",核心专业类,必修,电子信息工程学院,2.0,20/40 对外:0/0
B3I023920,综合创新-数字通信(全汉语),,,,,学院路校区,王  俊◇[1-17周]◇,核心专业类,必修,电子信息工程学院,2.0,3/80 对外:5/5
B3I023920,综合创新-数字通信(全汉语),,,,,学院路校区,张玉玺◇[1-17周]◇,核心专业类,必修,电子信息工程学院,2.0,6/80 对外:5/5
B3I023920,综合创新-数字通信(全汉语),,,,,学院路校区,刁为民◇[1-17周]◇,核心专业类,必修,电子信息工程学院,2.0,4/80 对外:4/5
B3I023920,综合创新-数字通信(全汉语),,,,,学院路校区,张杰斌◇[1-17周]◇,核心专业类,必修,电子信息工程学院,2.0,21/80 对外:5/5
B3I023920,综合创新-数字通信(全汉语),,,,,学院路校区,哈聪颖◇[1-17周]◇,核心专业类,必修,电子信息工程学院,2.0,50/80 对外:5/5
B3I03301A,电气工程及其自动化专业导论(全汉语),,,,,学院路校区,"马齐爽,郭  宏,雷银照,武建文,肖春燕,赵向阳,王  永◇[1周]星期二第7,8节,[2周]星期二第7,8节,[4周]星期二第7,8节,[5周]星期二第7,8节,[6周]星期二第7,8节,[7,8周]星期二第7,8节,[9周]星期二第7,8节◇F101◇",核心专业类,必修,自动化科学与电气工程学院,1.0,49/100 对外:0/0
B3I033111,自动控制原理A（1）（全英文）(全英语),,,,,学院路校区,"王  薇◇[1-17双周]星期四第5,6节,[1-17周]星期二第1,2节◇(一)213◇",核心专业类,必修,自动化科学与电气工程学院,3.0,16/40 对外:0/0
B3I03311A,自动控制原理A（1）(全汉语),,,,,学院路校区,"林  岩◇[1-17双周]星期四第5,6节,[1-17周]星期二第1,2节◇(一)316◇",核心专业类,必修,自动化科学与电气工程学院,3.0,18/60 对外:0/2
B3I03311A,自动控制原理A（1）(全汉语),,,,,学院路校区,"王艳东◇[1-17双周]星期四第5,6节,[1-17周]星期二第1,2节◇主南303◇",核心专业类,必修,自动化科学与电气工程学院,3.0,5/60 对外:0/0
B3I03311A,自动控制原理A（1）(全汉语),,,,,学院路校区,"张国峰◇[1-17双周]星期四第5,6节,[1-17周]星期二第1,2节◇(一)405◇",核心专业类,必修,自动化科学与电气工程学院,3.0,0/60 对外:0/0
B3I03311A,自动控制原理A（1）(全汉语),,,,,学院路校区,"邱红专◇[1-17双周]星期四第5,6节,[1-17周]星期二第1,2节◇(一)306◇",核心专业类,必修,自动化科学与电气工程学院,3.0,-3/60 对外:0/0
B3I03311B,自动控制原理B（1）(全汉语),,,,,学院路校区,"左宗玉◇[1-14双周]星期三第3,4节,[1-14周]星期一第3,4节◇(一)313◇",核心专业类,必修,自动化科学与电气工程学院,2.5,11/35 对外:0/0
B3I03311B,自动控制原理B（1）(全汉语),,,,,学院路校区,"宋  华◇[1-14双周]星期三第3,4节,[1-14周]星期一第3,4节◇(一)315◇",核心专业类,必修,自动化科学与电气工程学院,2.5,8/35 对外:0/0
B3I03313A,自动化控制原理实验A（1）(全汉语),,,,,学院路校区,,核心专业类,必修,自动化科学与电气工程学院,1.0,2/245 对外:0/0
B3I033210,电力电子技术B(全汉语),,,,,学院路校区,"武建文◇[1-17周]星期一第7,8节◇(一)204◇",核心专业类,必修,自动化科学与电气工程学院,2.0,0/120 对外:0/0
B3I033210,电力电子技术B(全汉语),,,,,学院路校区,"张俊民◇[1-17周]星期一第7,8节◇(一)201◇",核心专业类,必修,自动化科学与电气工程学院,2.0,29/120 对外:0/0
B3I033220,自动控制元件(全汉语),,,,,学院路校区,"赵向阳◇[1-11周]星期二第5,6节,[1-11周]星期四第7,8节◇(一)304◇",核心专业类,必修,自动化科学与电气工程学院,2.5,31/120 对外:0/0
B3I033220,自动控制元件(全汉语),,,,,学院路校区,"金  巍◇[1-11周]星期三第1,2节,星期一第1,2节◇(一)204◇",核心专业类,必修,自动化科学与电气工程学院,2.5,0/126 对外:0/0
B3I033230,自动控制元件与电力电子技术实验(全汉语),,,,,学院路校区,,核心专业类,必修,自动化科学与电气工程学院,1.0,4/220 对外:0/0
B3I033240,微机原理及接口技术实验(全汉语),,,,,学院路校区,,核心专业类,必修,自动化科学与电气工程学院,1.0,71/180 对外:0/0
B3I033240,微机原理及接口技术实验(全汉语),,,,,学院路校区,,核心专业类,必修,自动化科学与电气工程学院,1.0,214/260 对外:0/0
B3I033240,微机原理及接口技术实验(全汉语),,,,,学院路校区,,核心专业类,必修,自动化科学与电气工程学院,1.0,2/96 对外:0/0
B3I042130,气体动力学（2）(全汉语),,,,,学院路校区,"额日其太◇[1-9周]星期五第5,6节,星期二第5,6节◇(三)218◇",核心专业类,必修,能源与动力工程学院,2.0,0/81 对外:0/0
B3I042130,气体动力学（2）(全汉语),,,,,学院路校区,"邹正平◇[1-9周]星期五第5,6节,星期二第5,6节◇(三)203◇",核心专业类,必修,能源与动力工程学院,2.0,-7/78 对外:0/0
B3I04314A,传热传质学（能源与动力工程专业）(全汉语),,,,,学院路校区,"徐国强◇[1-11周]星期二第1,2节,[1-11周]星期五第3,4节◇主北306◇",核心专业类,必修,能源与动力工程学院,2.5,9/35 对外:0/0
B3I04314B,传热学(全汉语),,,,,学院路校区,"邓宏武◇[1-9周]星期二第1,2节,[1-9周]星期五第3,4节◇(三)218◇",核心专业类,必修,能源与动力工程学院,2.0,6/65 对外:0/0
B3I04314B,传热学(全汉语),,,,,学院路校区,"李志强◇[1-9周]星期二第1,2节,[1-9周]星期四第3,4节◇(三)307◇",核心专业类,必修,能源与动力工程学院,2.0,0/62 对外:0/0
B3I043150,自动控制原理B(全汉语),,,,,学院路校区,"王  磊◇[1-17周]星期三第5,6节◇(三)203◇",核心专业类,必修,能源与动力工程学院,2.5,-1/55 对外:0/0
B3I043150,自动控制原理B(全汉语),,,,,学院路校区,"杨凌宇◇[1-17周]星期三第5,6节◇(三)219◇",核心专业类,必修,能源与动力工程学院,2.5,14/90 对外:0/0
B3I043160,弹性力学(全汉语),,,,,学院路校区,"闫晓军,张小勇◇[1-9周]星期二第3,4节,[10-17周]星期二第3,4节◇(三)218◇",核心专业类,必修,能源与动力工程学院,2.0,0/105 对外:0/0
B3I043170,物理化学(全汉语),,,,,学院路校区,"王  女◇[1-9周]星期二第3,4节,[1-9周]星期四第5,6节◇(三)310◇",核心专业类,必修,能源与动力工程学院,2.0,8/30 对外:0/0
B3I043210,航空发动机原理（1）(全汉语),,,,,学院路校区,"桂幸民◇[10-17周]星期二第1,2节,[10-17周]星期四第5,6节◇(三)307◇",核心专业类,必修,能源与动力工程学院,2.0,-6/42 对外:0/1
B3I043230,航空发动机原理（2）(全汉语),,,,,学院路校区,"刘玉英◇[10-15周]星期五第5,6节,星期二第5,6节◇(三)218◇",核心专业类,必修,能源与动力工程学院,1.5,-4/44 对外:0/0
B3I043410,能量系统分析(全汉语),,,,,学院路校区,"吴  宏,李海旺◇[1-9周]星期三第7,8节,[10-17周]星期三第7,8节◇(三)310◇",核心专业类,必修,能源与动力工程学院,2.0,7/35 对外:0/0
B3I053110,飞机总体设计(全汉语),,,,,学院路校区,"刘  虎,周尧明,黄敏杰◇[1-17单周]星期三第3,4节,[1-17周]星期四第1,2节◇主北305◇",核心专业类,必修,航空科学与工程学院,3.0,0/124 对外:0/4
B3I053110,飞机总体设计(全汉语),,,,,学院路校区,"张云飞,李  可,孙康文◇[1-17单周]星期三第3,4节,[1-17周]星期四第1,2节◇(三)307◇",核心专业类,必修,航空科学与工程学院,3.0,12/120 对外:0/0
B3I053110,飞机总体设计(全汉语),,,,,学院路校区,"罗明强,杨穆清◇[1-17单周]星期三第3,4节,[1-17周]星期四第1,2节◇主北307◇",核心专业类,必修,航空科学与工程学院,3.0,15/90 对外:0/0
B3I05312B,飞机结构设计(全汉语),,,,,学院路校区,"何景武◇[1-17单周]星期三第5,6节,[1-17周]星期一第3,4节◇主127◇",核心专业类,必修,航空科学与工程学院,3.5,17/90 对外:0/0
B3I05312B,飞机结构设计(全汉语),,,,,学院路校区,"罗漳平◇[1-17单周]星期三第5,6节,[1-17周]星期一第3,4节◇主235◇",核心专业类,必修,航空科学与工程学院,3.5,54/90 对外:0/0
B3I05312B,飞机结构设计(全汉语),,,,,学院路校区,"张纪奎◇[1-17单周]星期四第5,6节,[1-17周]星期二第5,6节◇主南305◇",核心专业类,必修,航空科学与工程学院,3.5,52/90 对外:0/0
B3I05312B,飞机结构设计(全汉语),,,,,学院路校区,"程小全◇[1,3周]星期四第5,6节,[1-4周]星期二第5,6节,[5-17周]星期二第5,6节,[5-18单周]星期四第5,6节◇航空馆,主127◇",核心专业类,必修,航空科学与工程学院,3.5,5/50 对外:0/0
B3I053150,自动控制原理B(全汉语),,,,,学院路校区,"董朝阳,严  德◇[1-17单周]星期五第1,2节,[1-17周]星期二第3,4节◇F101◇",核心专业类,必修,航空科学与工程学院,3.0,-1/100 对外:0/8
B3I053150,自动控制原理B(全汉语),,,,,学院路校区,"苏  媛◇[1-17单周]星期五第1,2节,[1-17周]星期二第3,4节◇F102◇",核心专业类,必修,航空科学与工程学院,3.0,-3/90 对外:0/0
B3I053150,自动控制原理B(全汉语),,,,,学院路校区,"孙立国◇[1-17单周]星期五第1,2节,[1-17周]星期二第3,4节◇G101◇",核心专业类,必修,航空科学与工程学院,3.0,5/90 对外:0/0
B3I053150,自动控制原理B(全汉语),,,,,学院路校区,"朱  磊◇[1-17单周]星期五第1,2节,[1-17周]星期二第3,4节◇(一)302◇",核心专业类,必修,航空科学与工程学院,3.0,17/60 对外:0/0
B3I05320B,热工基础A（2）(全汉语),,,,,学院路校区,"林贵平,柏立战◇[1-17周]星期四第3,4节◇F118◇",核心专业类,必修,航空科学与工程学院,2.0,237/287 对外:0/0
B3I073330,制造工程基础(2)(全汉语),,,,,学院路校区,"陈志同,陈华伟◇[1-11周]星期五第7,8节,星期三第7,8节,[12-14周]星期三第9,10节,[12-14周]星期五第7,8节◇(一)301◇",核心专业类,必修,机械工程及自动化学院,3.0,11/90 对外:3/5
B3I073330,制造工程基础(2)(全汉语),,,,,学院路校区,"陈五一,韩先国,孙剑飞◇[1-12周]星期三第5,6节,[1-12周]星期五第3,4节,[13,14周]星期三第9,10节,[13,14周]星期五第3,4节◇(一)204,(一)301,(一)304◇",核心专业类,必修,机械工程及自动化学院,3.0,4/90 对外:5/5
B3I073330,制造工程基础(2)(全汉语),,,,,学院路校区,"彭  翀,李  勋◇[1-12周]星期三第5,6节,星期五第5,6节,[1-12周]星期五第5,6节,星期三第5,6节,[13,14周]星期三第9,10节,[13,14周]星期五第5,6节◇(一)304,(一)316◇",核心专业类,必修,机械工程及自动化学院,3.0,11/90 对外:5/5
B3I073410,机电控制工程基础(全汉语),,,,,学院路校区,"刘  强,傅  健◇[1周]星期四第7,8节,[1周]星期一第3,4节,[2-15周]星期一第3,4节,[3-16单周]星期四第7,8节◇(三)311◇",核心专业类,必修,机械工程及自动化学院,2.5,0/70 对外:3/5
B3I073410,机电控制工程基础(全汉语),,,,,学院路校区,"丑武胜◇[1-15单周]星期四第7,8节,[1-15周]星期一第3,4节◇(一)201◇",核心专业类,必修,机械工程及自动化学院,2.5,1/70 对外:5/5
B3I073410,机电控制工程基础(全汉语),,,,,学院路校区,"王美清◇[1-15周]星期一第3,4节,[3-16单周]星期四第7,8节◇(三)307◇",核心专业类,必修,机械工程及自动化学院,2.5,-2/70 对外:3/5
B3I073410,机电控制工程基础(全汉语),,,,,学院路校区,"袁松梅◇[1-15单周]星期四第7,8节,[1-15周]星期一第3,4节◇(二)211◇",核心专业类,必修,机械工程及自动化学院,2.5,25/70 对外:5/5
B3I073420,机电传动控制(全汉语),,,,,学院路校区,"张  伟◇[1-17周]星期四第1,2节◇(一)301◇",核心专业类,必修,机械工程及自动化学院,2.0,4/90 对外:4/5
B3I073420,机电传动控制(全汉语),,,,,学院路校区,"张  伟◇[1-17周]星期三第3,4节◇(一)304◇",核心专业类,必修,机械工程及自动化学院,2.0,26/90 对外:5/5
B3I073420,机电传动控制(全汉语),,,,,学院路校区,"齐铂金◇[1-17周]星期四第1,2节◇(一)304◇",核心专业类,必修,机械工程及自动化学院,2.0,3/90 对外:5/5
B3I073570,设计专题(全汉语),,,,,学院路校区,"尹  虎◇[1-11周]星期四第5,6节,星期二第5,6节,[1-11周]星期四第7,8节,星期二第7,8节◇◇",核心专业类,必修,机械工程及自动化学院,2.0,7/30 对外:5/5
B3I073580,专业课程设计(1)(全汉语),,,,,学院路校区,"张  融,魏晓东◇[1-11周]星期一第5,6节,[1-11周]星期一第7,8节◇◇",核心专业类,必修,机械工程及自动化学院,1.0,7/30 对外:5/5
B3I073730,产品模型制作(2)(全汉语),,,,,学院路校区,"刘永瞻◇[2-10双周]星期五第1,2节,[2-10周]星期五第3,4节◇◇",核心专业类,必修,机械工程及自动化学院,1.5,7/30 对外:5/5
B3I073790,视觉传达设计(2)(全汉语),,,,,学院路校区,"尹  虎,王  韫◇[1-8周]星期三第5,6节,[1-8周]星期三第7,8节◇◇",核心专业类,必修,机械工程及自动化学院,1.5,6/30 对外:4/5
B3I08224D,管理会计(全汉语),,,,,学院路校区,"胡延杰◇[1-17周]星期四第5,6节◇(一)315◇",核心专业类,必修,经济管理学院,2.0,5/20 对外:0/0
B3I083310,课程设计(市场营销)(全汉语),,,,,学院路校区,张明立◇[1-16周]◇,核心专业类,必修,经济管理学院,0.5,9/78 对外:1/2
B3I08331C,工程经济学(全汉语),,,,,学院路校区,"郑  筠◇[10-17周]星期二第5,6节,[10-17周]星期四第3,4节◇(二)211◇",核心专业类,必修,经济管理学院,2.0,1/76 对外:1/1
B3I08333D,管理信息系统(全汉语),,,,,学院路校区,"贾素玲◇[1-12周]星期四第11节,[1-12周]星期四第9,10节◇(二)211◇",核心专业类,必修,经济管理学院,2.0,0/95 对外:0/0
B3I08334C,市场营销(全汉语),,,,,学院路校区,"张明立◇[1-8周]星期五第1,2节,星期一第1,2节,星期三第1,2节◇(一)306◇",核心专业类,必修,经济管理学院,2.5,6/75 对外:1/2
B3I08335C,生产与运作管理(全汉语),,,,,学院路校区,"王  晶◇[10-17双周]星期四第7,8节,[10-17周]星期三第3,4节,[10-17周]星期五第5,6节◇D221,D225◇",核心专业类,必修,经济管理学院,2.5,-1/50 对外:1/2
B3I08336C,物流管理(全汉语),,,,,学院路校区,"赵秋红◇[1,2周]星期二第5,6节,星期五第5,6节,[1,2周]星期四第3,4节,[4-7周]星期二第5,6节,[4-7周]星期四第3,4节,[8周]星期二第5,6节,[9周]星期四第3,4节◇(一)201◇",核心专业类,必修,经济管理学院,2.0,8/80 对外:0/0
B3I08341C,计量经济学(全汉语),,,,,学院路校区,"马  杰◇[1-13周]星期三第3,4节,[1-13周]星期五第5,6节◇E207◇",核心专业类,必修,经济管理学院,3.0,1/109 对外:5/6
B3I08343C,财政学(全汉语),,,,,学院路校区,"白胜玲◇[1-7周]星期四第3,4节,[1-7周]星期一第5,6节◇(三)215◇",核心专业类,必修,经济管理学院,1.5,17/100 对外:14/15
B3I08357D,数据通讯与网络技术(全汉语),,,,,学院路校区,"王  强◇[1-17周]星期一第3,4节◇F103◇",核心专业类,必修,经济管理学院,2.0,6/30 对外:0/0
B3I08362D,系统工程与工业工程原理(全汉语),,,,,学院路校区,"邓修权◇[1-9周]星期三第1,2节,星期一第1,2节◇主北402◇",核心专业类,必修,经济管理学院,2.0,6/35 对外:0/0
B3I08363D,工作研究(全汉语),,,,,学院路校区,"王赫鑫◇[1-17周]星期三第3,4节◇F219◇",核心专业类,必修,经济管理学院,2.0,5/35 对外:0/0
B3I08368D,国际金融(全汉语),,,,,学院路校区,"蒋  虹◇[1-17周]星期二第3,4节◇(一)213◇",核心专业类,必修,经济管理学院,2.0,7/18 对外:0/0
B3I08373D,国际贸易实务(全汉语),,,,,学院路校区,"白胜玲◇[9-16周]星期四第3,4节,[9-16周]星期一第5,6节◇F213◇",核心专业类,必修,经济管理学院,2.0,4/15 对外:0/0
B3I08381D,MATLAB应用(全汉语),,,,,学院路校区,"罗开平◇[10-15周]星期一第11,12节,[10-15周]星期一第9,10节◇(一)209◇",核心专业类,必修,经济管理学院,1.5,3/70 对外:3/10
B3I09312A,拓扑学引论(全汉语),,,,,学院路校区,"严夺魁◇[1-17双周]星期二第1,2节,[1-17周]星期五第5,6节◇主M404◇",核心专业类,必修,数学与系统科学学院,3.0,12/85 对外:4/9
B3I103110,生物技术,,,,,学院路校区,"谢倍珍,付玉明◇[1-12单周]星期三第5,6节,[1-12周]星期二第3,4节◇主南305◇*付玉明◇[14-17周]星期五第1,2节,[14-17周]星期五第3,4节◇◇",核心专业类,必修,生物与医学工程学院,3.0,60/70 对外:0/0
B3I103120,免疫学(全汉语),,,,,学院路校区,"易宗春,桑  晨,刘美丽◇[1-17周]星期一第3,4节◇(一)307◇",核心专业类,必修,生物与医学工程学院,2.0,17/30 对外:0/0
B3I103130,分子生物学(全汉语),,,,,学院路校区,"郑  权◇[1-9周]星期三第7,8节,星期一第7,8节◇(一)213◇",核心专业类,必修,生物与医学工程学院,2.0,17/30 对外:0/0
B3I103140,基因工程与蛋白质工程,,,,,学院路校区,"郑丽沙◇[11-16周]星期五第3,4节,星期二第3,4节◇(一)307◇*郑丽沙◇[12-15周]星期三第5,6节,[12-15周]星期三第7,8节◇◇",核心专业类,必修,生物与医学工程学院,2.0,17/30 对外:0/0
B3I103150,细胞工程(全汉语),,,,,学院路校区,"贡向辉,贾潇凌◇[1-17周]星期二第5,6节◇(一)305◇",核心专业类,必修,生物与医学工程学院,2.0,17/30 对外:0/0
B3I103160,反应器技术,,,,,学院路校区,"贡向辉,谢倍珍◇[1-9周]星期四第1,2节◇(一)305◇*贡向辉◇[10-17周]星期三第1,2节,[10-17周]星期三第3,4节◇◇",核心专业类,必修,生物与医学工程学院,2.0,14/25 对外:0/0
B3I103210,生物材料(全汉语),,,,,学院路校区,"周  钢,刘海峰◇[1-17双周]星期五第7,8节,[1-17周]星期二第7,8节◇(一)402◇",核心专业类,必修,生物与医学工程学院,3.0,37/80 对外:2/10
B3I103220,医用金属材料(全汉语),,,,,学院路校区,"顾雪楠◇[1-17周]星期二第5,6节◇(一)303◇",核心专业类,必修,生物与医学工程学院,3.0,20/30 对外:2/2
B3I103230,医用高分子材料(全汉语),,,,,学院路校区,"牛旭锋,李林昊◇[1-17周]星期四第5,6节◇主M203(录播)◇",核心专业类,必修,生物与医学工程学院,3.0,25/35 对外:3/3
B3I103240,医用无机非金属材料(全汉语),,,,,学院路校区,"李晓明◇[2-10周]星期四第7,8节,星期二第7,8节◇(一)307◇",核心专业类,必修,生物与医学工程学院,2.0,19/30 对外:1/2
B3I103250,生物材料检测与评价技术(全汉语),,,,,学院路校区,"李  萍,李林昊◇[1-17周]星期一第3,4节◇(一)303◇",核心专业类,必修,生物与医学工程学院,2.0,20/30 对外:2/2
B3I103410,生物力学(全汉语),,,,,学院路校区,"孙安强,宫赫,刘笑宇,姚  杰,康红艳,王亚伟◇[1-13周]星期五第1,2节,[1-13周]星期一第5,6节◇(一)402◇",核心专业类,必修,生物与医学工程学院,3.0,63/99 对外:10/10
B3I103420,肌骨系统生物力学(全汉语),,,,,学院路校区,"宫赫,刘笑宇,姚  杰,王亚伟◇[1-13周]星期五第3,4节,星期一第3,4节◇(一)305◇",核心专业类,必修,生物与医学工程学院,3.0,16/30 对外:2/2
B3I103430,血流动力学(全汉语),,,,,学院路校区,"孙安强◇[1-17双周]星期三第5,6节,[1-17周]星期二第5,6节◇(一)307◇",核心专业类,必修,生物与医学工程学院,3.0,18/33 对外:2/3
B3I103440,细胞生物力学(全汉语),,,,,学院路校区,"贾潇凌,刘  肖,康红艳◇[1-17周]星期四第1,2节◇(一)307◇",核心专业类,必修,生物与医学工程学院,2.0,17/30 对外:0/0
B3I103450,生物力学实验技术(全汉语),,,,,学院路校区,"孙安强,王丽珍,刘笑宇,姚  杰◇[1-13周]星期三第3,4节◇(一)305◇",核心专业类,必修,生物与医学工程学院,2.0,14/30 对外:0/0
B3I103510,生物医学电子(全汉语),,,,,学院路校区,"张  弛◇[1-13周]星期四第5,6节,[1-13周]星期一第1,2节◇(一)402◇",核心专业类,必修,生物与医学工程学院,3.0,63/75 对外:5/5
B3I103540,生物医学信号处理(全英语),,,,,学院路校区,"王  玲◇[1-17周]星期三第3,4节◇(一)309◇",核心专业类,必修,生物与医学工程学院,2.0,27/65 对外:10/10
B3I103550,生物医学传感器(全汉语),,,,,学院路校区,"周  钢,王  豫,张  弛,岳蜀华◇[1-17周]星期四第1,2节◇(一)306◇",核心专业类,必修,生物与医学工程学院,2.0,11/50 对外:4/5
B3I113230,中国政治制度(全汉语),,,,,学院路校区,"谢宝富◇[1-17周]星期一第3,4节◇D218◇",核心专业类,必修,人文社会科学学院,2.0,0/40 对外:0/4
B3I113240,社会保障概论(全汉语),,,,,学院路校区,"贾洪波◇[1-17周]星期三第2节,[1-17周]星期三第3,4节◇D225◇",核心专业类,必修,人文社会科学学院,3.0,-1/38 对外:4/4
B3I113430,人格心理学(全汉语),,,,,学院路校区,"邓虎◇[1-17周]星期二第5,6节◇D225◇",核心专业类,必修,人文社会科学学院,2.0,2/30 对外:1/10
B3I113660,金融学(英汉双语),,,,,学院路校区,"李筱光◇[1-17周]星期四第5,6节,星期一第5,6节◇C102◇",核心专业类,必修,人文社会科学学院,4.0,-1/62 对外:5/7
B3I113730,计量经济学(全汉语),,,,,学院路校区,"刘美芳◇[1-17周]星期二第1,2节,[1-17周]星期四第3,4节◇C102◇",核心专业类,必修,人文社会科学学院,4.0,2/70 对外:4/8
B3I113740,技术经济学(全汉语),,,,,学院路校区,"侯琳琳◇[1-17周]星期二第5,6节,[1-17周]星期二第7节◇C102◇",核心专业类,必修,人文社会科学学院,3.0,-2/69 对外:5/11
B3I123110,高级英语（1）(英汉双语),,,,,学院路校区,"胥国红◇[1-17周]星期四第3,4节◇主南207◇",核心专业类,必修,外国语学院,2.0,22/40 对外:2/3
B3I123110,高级英语（1）(英汉双语),,,,,学院路校区,"高  霞◇[1-17周]星期四第3,4节◇(一)303◇",核心专业类,必修,外国语学院,2.0,23/40 对外:0/3
B3I123110,高级英语（1）(英汉双语),,,,,学院路校区,"胥国红◇[1-17周]星期四第5,6节◇主南207◇",核心专业类,必修,外国语学院,2.0,31/40 对外:0/3
B3I123110,高级英语（1）(英汉双语),,,,,学院路校区,"刘巍巍◇[1-17周]星期一第5,6节◇主南207◇",核心专业类,必修,外国语学院,2.0,19/40 对外:0/4
B3I123120,普通语言学导论(英汉双语),,,,,学院路校区,"卫乃兴◇[1-17周]星期二第1,2节◇主南205◇",核心专业类,必修,外国语学院,2.0,17/40 对外:6/8
B3I123120,普通语言学导论(英汉双语),,,,,学院路校区,"卫乃兴◇[1-17周]星期二第5,6节◇主南205◇",核心专业类,必修,外国语学院,2.0,1/40 对外:1/8
B3I123130,高级视听说（1）(英汉双语),,,,,学院路校区,"王孝杰◇[1-17周]星期三第1,2节◇主南205◇",核心专业类,必修,外国语学院,1.0,7/40 对外:1/6
B3I123130,高级视听说（1）(英汉双语),,,,,学院路校区,"王孝杰◇[1-17周]星期三第3,4节◇主南205◇",核心专业类,必修,外国语学院,1.0,7/40 对外:5/6
B3I123150,英美散文名篇(英汉双语),,,,,学院路校区,"宋  敏◇[1-17周]星期一第1,2节◇主南205◇",核心专业类,必修,外国语学院,2.0,3/44 对外:3/7
B3I123150,英美散文名篇(英汉双语),,,,,学院路校区,"宋  敏◇[1-17周]星期一第3,4节◇主南205◇",核心专业类,必修,外国语学院,2.0,15/40 对外:12/17
B3I123160,高级德语（1）(其他语言),,,,,学院路校区,"陈  群◇[1-17周]星期二第5,6节,[1-17周]星期二第7,8节◇主南202◇",核心专业类,必修,外国语学院,4.0,18/30 对外:0/0
B3I123170,德语国家文学史与作品选读（1）(其他语言),,,,,学院路校区,"贺  克◇[1-17周]星期二第3,4节◇主南202◇",核心专业类,必修,外国语学院,2.0,20/30 对外:0/0
B3I123180,德语语言学(其他语言),,,,,学院路校区,"刘  方◇[1-17周]星期四第3,4节◇主南202◇",核心专业类,必修,外国语学院,2.0,20/30 对外:0/0
B3I123190,德语高级听力(其他语言),,,,,学院路校区,"刘  方◇[1-17周]星期五第1,2节◇主南202◇",核心专业类,必修,外国语学院,2.0,15/30 对外:0/0
B3I13312A,汽车构造及拆装实习,,,,,学院路校区,"徐国艳,姬芬竹,王  岩◇[1-17周]星期四第5,6节,[1-17周]星期一第3,4节◇D225◇*王  岩◇[5-9,12-16周]星期六第1,2节,[5-9,12-16周]星期六第3,4节,[5-9,12-16周]星期六第5,6节,[5-9,12-16周]星期六第7,8节◇◇",核心专业类,必修,交通科学与工程学院,6.0,1/27 对外:0/0
B3I13312A,汽车构造及拆装实习,,,,,学院路校区,"徐国艳,姬芬竹,王  岩◇[1-17周]星期四第5,6节,[1-17周]星期一第3,4节◇D225◇*王  岩◇[5-9,12-16周]星期日第1,2节,[5-9,12-16周]星期日第3,4节,[5-9,12-16周]星期日第5,6节,[5-9,12-16周]星期日第7,8节◇◇",核心专业类,必修,交通科学与工程学院,6.0,5/22 对外:0/0
B3I13321A,工程流体力学(全汉语),,,,,学院路校区,"康  宁◇[10-17周]星期二第5,6节,[10-17周]星期四第3,4节◇D218◇",核心专业类,必修,交通科学与工程学院,2.0,5/50 对外:2/6
B3I13322A,汽车发动机原理(全汉语),,,,,学院路校区,"宋凌珺◇[10-17周]星期三第3,4节,[10-17周]星期五第5,6节◇(一)307◇",核心专业类,必修,交通科学与工程学院,2.0,2/27 对外:0/6
B3I13334A,交通工程学(全汉语),,,,,学院路校区,"鲁光泉◇[1-17周]星期三第3,4节◇(一)205◇",核心专业类,必修,交通科学与工程学院,2.0,-6/22 对外:0/0
B3I13336A,智能交通系统(英汉双语),,,,,学院路校区,"田大新,马晓磊,于  滨,郑  楠◇[1-17周]星期四第3,4节◇F207◇",核心专业类,必修,交通科学与工程学院,2.0,-7/22 对外:0/0
B3I13339A,交通管理与控制(英汉双语),,,,,学院路校区,"于海洋,吴新开,张  钊◇[10-17周]星期五第1,2节,[10-17周]星期一第3,4节◇F213◇",核心专业类,必修,交通科学与工程学院,2.0,-5/22 对外:0/0
B3I13351A,航空发动机原理(全汉语),,,,,学院路校区,"刘传凯◇[10-17周]星期四第3,4节,星期一第3,4节◇(一)203◇",核心专业类,必修,交通科学与工程学院,2.0,1/20 对外:0/0
B3I13352A,空气动力学基础(全汉语),,,,,学院路校区,"吴江浩◇[1-17周]星期三第2节,[1-17周]星期三第3,4节◇F103◇",核心专业类,必修,交通科学与工程学院,3.0,1/20 对外:0/0
B3I13353A,飞机结构适航的力学基础(全汉语),,,,,学院路校区,"熊峻江,白江波◇[1-17单周]星期五第5,6节,[1-17周]星期二第5,6节◇(一)205◇",核心专业类,必修,交通科学与工程学院,3.0,-3/20 对外:0/0
B3I13371A,土力学(全汉语),,,,,学院路校区,"姚仰平,罗  汀◇[3-14周]星期三第3,4节,星期五第3,4节,[3-14周]星期五第3,4节,星期三第3,4节◇F121◇",核心专业类,必修,交通科学与工程学院,3.0,0/46 对外:0/0
B3I13372A,混凝土结构设计原理(全汉语),,,,,学院路校区,"刁  波◇[4-14周]星期四第3,4节,星期一第3,4节◇(一)407◇",核心专业类,必修,交通科学与工程学院,5.0,7/55 对外:4/5
B3I13391A,自动控制原理B(全汉语),,,,,学院路校区,"刘晓锋◇[1-17周]星期四第7,8节◇F121◇",核心专业类,必修,交通科学与工程学院,2.5,-2/83 对外:0/0
B3I14312A,自动控制原理B(全汉语),,,,,学院路校区,"王晓峰◇[1-17周]星期一第3,4节◇E207◇",核心专业类,必修,可靠性与系统工程学院,2.5,2/81 对外:0/0
B3I14321A,系统工程基础(全汉语),,,,,学院路校区,"潘  星◇[1-17周]星期五第3,4节◇E207◇",核心专业类,必修,可靠性与系统工程学院,2.0,2/81 对外:0/0
B3I14322A,系统可靠性设计分析(全汉语),,,,,学院路校区,"杨多明◇[1-17周]星期四第5,6节◇E207◇",核心专业类,必修,可靠性与系统工程学院,2.0,0/81 对外:0/0
B3I153010,自动控制原理B(全汉语),,,,,学院路校区,"李惠峰◇[1-15双周]星期一第5,6节,[1-15周]星期三第3,4节◇F227◇",核心专业类,必修,宇航学院,3.0,-1/79 对外:1/6
B3I153010,自动控制原理B(全汉语),,,,,学院路校区,"周  韬◇[1-15双周]星期一第5,6节,[1-15周]星期三第3,4节◇F228◇",核心专业类,必修,宇航学院,3.0,16/70 对外:4/5
B3I153010,自动控制原理B(全汉语),,,,,学院路校区,"邓忠民◇[1-15双周]星期一第5,6节,[1-15周]星期三第3,4节◇F122◇",核心专业类,必修,宇航学院,3.0,4/76 对外:4/5
B3I172220,工程光学（2）(全汉语),,,,,学院路校区,"江  洁◇[1-16单周]星期三第5,6节,[1-16周]星期五第3,4节◇(二)211,主M403◇",核心专业类,必修,仪器科学与光电工程学院,3.0,2/75 对外:0/65
B3I172220,工程光学（2）(全汉语),,,,,学院路校区,"屈玉福◇[1-16单周]星期三第5,6节,[1-16周]星期五第3,4节◇主349◇",核心专业类,必修,仪器科学与光电工程学院,3.0,11/55 对外:1/45
B3I172220,工程光学（2）(全汉语),,,,,学院路校区,"刘惠兰◇[1-16单周]星期三第5,6节,[1-16周]星期五第3,4节◇F203◇",核心专业类,必修,仪器科学与光电工程学院,3.0,7/55 对外:0/45
B3I172220,工程光学（2）(全汉语),,,,,学院路校区,"苏丽娟◇[1-16单周]星期三第5,6节,[1-16周]星期五第3,4节◇D221◇",核心专业类,必修,仪器科学与光电工程学院,3.0,45/55 对外:35/45
B3I173260,微机原理与接口技术(全汉语),,,,,学院路校区,"冯仁剑◇[1-17周]星期二第3,4节◇E207◇",核心专业类,必修,仪器科学与光电工程学院,2.5,4/75 对外:0/65
B3I173260,微机原理与接口技术(全汉语),,,,,学院路校区,"吴银锋◇[1-17周]星期二第3,4节◇F228◇",核心专业类,必修,仪器科学与光电工程学院,2.5,39/75 对外:29/65
B3I173260,微机原理与接口技术(全汉语),,,,,学院路校区,"于  宁◇[1-17周]星期二第3,4节◇F117◇",核心专业类,必修,仪器科学与光电工程学院,2.5,7/75 对外:0/65
B3I173270,自动控制原理（1）(全汉语),,,,,学院路校区,"魏  彤◇[1-17双周]星期二第1,2节,[1-17周]星期四第5,6节◇(一)301◇",核心专业类,必修,仪器科学与光电工程学院,3.5,0/105 对外:0/95
B3I173270,自动控制原理（1）(全汉语),,,,,学院路校区,"魏  鹏◇[1-17双周]星期二第1,2节,[1-17周]星期四第5,6节◇(一)304◇",核心专业类,必修,仪器科学与光电工程学院,3.5,21/95 对外:15/85
B3I173280,信号分析与处理(全汉语),,,,,学院路校区,"王  睿◇[1-17周]星期二第5,6节,[1-17周]星期四第3,4节◇F101◇",核心专业类,必修,仪器科学与光电工程学院,4.0,2/75 对外:0/65
B3I173280,信号分析与处理(全汉语),,,,,学院路校区,"刘  震◇[1-17周]星期二第5,6节,[1-17周]星期四第3,4节◇F102◇",核心专业类,必修,仪器科学与光电工程学院,4.0,9/75 对外:0/65
B3I173280,信号分析与处理(全汉语),,,,,学院路校区,"李  慧◇[1-17周]星期二第5,6节,[1-17周]星期四第3,4节◇F121◇",核心专业类,必修,仪器科学与光电工程学院,4.0,36/75 对外:31/65
B3I193330,电动力学(全汉语),,,,,学院路校区,"许怀哲◇[1-17周]星期三第3,4节,星期一第3,4节◇(三)215◇",核心专业类,必修,物理科学与核能工程学院,3.0,15/95 对外:0/5
B3I193420,量子力学(全汉语),,,,,学院路校区,"陈  勇◇[1-17周]星期三第5,6节,[1-17周]星期一第1,2节◇(三)311◇",核心专业类,必修,物理科学与核能工程学院,4.0,9/95 对外:1/15
B3I193630,近代物理实验（1）(全汉语),,,,,学院路校区,"唐  芳,王  玫,郝维昌,钱建强,崔益民,李文萍,张高龙,蔡  微◇[1-17周]星期四第5,6节,星期一第5,6节,[1-17周]星期四第7,8节,星期一第7,8节,[1-17周]星期一第5,6节,星期四第5,6节,[1-17周]星期一第7,8节,星期四第7,8节◇◇",核心专业类,必修,物理科学与核能工程学院,2.0,19/100 对外:0/5
B3I20321A,商法（含公司法和证券法）(全汉语),,,,,学院路校区,"周学峰◇[1-13周]星期四第3,4节,星期二第3,4节◇F201◇",核心专业类,必修,法学院,3.0,9/64 对外:7/10
B3I203310,国际公法(全汉语),,,,,学院路校区,"夏春利◇[1-13周]星期四第5,6节,星期二第5,6节◇F201◇",核心专业类,必修,法学院,3.0,3/64 对外:1/10
B3I213110,操作系统与Linux内核导读,,,,,学院路校区,"原仓周◇[1-17单周]星期一第5,6节,[1-17周]星期三第5,6节◇主南210◇*原仓周◇[3-14周]星期五第5,6节,[3-14周]星期五第7,8节◇◇",核心专业类,必修,软件学院,4.0,9/180 对外:3/3
B3I213120,计算机网络与应用(英汉双语),,,,,学院路校区,"王海泉◇[1-17周]星期四第1,2节,[10-17周]星期四第5,6节◇主南210◇",核心专业类,必修,软件学院,4.0,3/180 对外:2/5
B3I213130,程序编译与运行,,,,,学院路校区,"邵兵◇[1-17周]星期二第3,4节,[1-9周]星期四第5,6节◇主南210◇*邵兵◇[10-17周]星期二第7,8节,[10-17周]星期二第9,10节◇◇",核心专业类,必修,软件学院,4.0,8/180 对外:3/3
B3I27319A,结构化学(全汉语),,,,,学院路校区,"周嘉嘉◇[1-17周]星期三第7,8节,[1-17周]星期五第3,4节◇F205◇",核心专业类,必修,化学学院,4.0,4/50 对外:0/0
B1B032110,模拟电子技术基础(全汉语),,,,,学院路校区,"唐  瑶◇[1周]星期三第1,2节,星期一第1,2节,[2-17周]星期一第1,2节,星期三第1,2节◇(一)202,主M204◇",工程基础类,必修,自动化科学与电气工程学院,4.0,54/100 对外:1/7
B1B032120,数字电子技术基础(全汉语),,,,,学院路校区,"王建华◇[1-17单周]星期一第7,8节,[1-17周]星期三第7,8节◇主M204◇",工程基础类,必修,自动化科学与电气工程学院,3.0,52/100 对外:0/5
B1B033010,微机原理及接口技术(全汉语),,,,,学院路校区,"李  妮◇[1-13周]星期四第3,4节,[1周]星期三第9,10节,[2-13周]星期一第5,6节◇主南210,主南303◇",工程基础类,必修,自动化科学与电气工程学院,3.0,1/95 对外:0/0
B1B033010,微机原理及接口技术(全汉语),,,,,学院路校区,"林  新◇[1-13周]星期四第3,4节,[1-13周]星期一第5,6节◇主南305◇",工程基础类,必修,自动化科学与电气工程学院,3.0,46/95 对外:0/0
B1B033010,微机原理及接口技术(全汉语),,,,,学院路校区,"刘  丽◇[1-13周]星期四第3,4节,[1-13周]星期一第5,6节◇(一)304◇",工程基础类,必修,自动化科学与电气工程学院,3.0,4/110 对外:0/0
B1B033021,电气技术实践（2）（全英文）(全英语),,,,,学院路校区,"黄亚玲◇[1-11周]星期五第11,12节,[1-11周]星期五第9,10节◇◇",工程基础类,必修,自动化科学与电气工程学院,2.0,4/25 对外:0/0
B1B033021,电气技术实践（2）（全英文）(全英语),,,,,学院路校区,"黄亚玲◇[1-11周]星期三第11,12节,[1-11周]星期三第9,10节◇◇",工程基础类,必修,自动化科学与电气工程学院,2.0,4/25 对外:0/0
B1B033070,微机原理,,,,,学院路校区,"刘亚斌◇[1-17周]星期一第7,8节◇主235◇*李  可◇[11-16双周]星期四第5,6节,[11-16双周]星期四第7,8节◇◇",工程基础类,必修,自动化科学与电气工程学院,2.5,-1/26 对外:0/0
B1B033070,微机原理,,,,,学院路校区,"刘亚斌◇[1-17周]星期一第7,8节◇主235◇*李  可◇[11-16双周]星期三第1,2节,[11-16双周]星期三第3,4节◇◇",工程基础类,必修,自动化科学与电气工程学院,2.5,0/31 对外:0/0
B1B033070,微机原理,,,,,学院路校区,"刘亚斌◇[1-17周]星期一第7,8节◇主235◇*李  可◇[11-16双周]星期三第5,6节,[11-16双周]星期三第7,8节◇◇",工程基础类,必修,自动化科学与电气工程学院,2.5,0/24 对外:0/0
B1B033070,微机原理,,,,,学院路校区,"刘亚斌◇[1-17周]星期一第7,8节◇主235◇*李  可◇[11-16双周]星期二第5,6节,[11-16双周]星期二第7,8节◇◇",工程基础类,必修,自动化科学与电气工程学院,2.5,0/26 对外:0/0
B1B033070,微机原理,,,,,学院路校区,"刘亚斌◇[1-17周]星期一第7,8节◇主235◇*李  可◇[13-18单周]星期四第11,12节,[13-18单周]星期四第9,10节◇◇",工程基础类,必修,自动化科学与电气工程学院,2.5,4/35 对外:0/0
B1B033070,微机原理,,,,,学院路校区,"刘亚斌◇[1-17周]星期一第7,8节◇主235◇*李  可◇[13-18单周]星期三第1,2节,[13-18单周]星期三第3,4节◇◇",工程基础类,必修,自动化科学与电气工程学院,2.5,0/29 对外:0/0
B1B033070,微机原理,,,,,学院路校区,"刘亚斌◇[1-17周]星期一第7,8节◇主235◇*李  可◇[13-18单周]星期三第5,6节,[13-18单周]星期三第7,8节◇◇",工程基础类,必修,自动化科学与电气工程学院,2.5,-1/24 对外:0/0
B1B033070,微机原理,,,,,学院路校区,"刘亚斌◇[1-17周]星期一第7,8节◇主235◇*李  可◇[13-18单周]星期二第5,6节,[13-18单周]星期二第7,8节◇◇",工程基础类,必修,自动化科学与电气工程学院,2.5,3/26 对外:0/0
B1B033070,微机原理,,,,,学院路校区,"刘亚斌◇[1-17周]星期一第7,8节◇主235◇*李  可◇[11-16双周]星期四第11,12节,[11-16双周]星期四第9,10节◇◇",工程基础类,必修,自动化科学与电气工程学院,2.5,0/32 对外:0/0
B1B033070,微机原理,,,,,学院路校区,"袁海斌◇[1-17周]星期一第1,2节◇主235◇*李  可◇[11-16双周]星期一第5,6节,[11-16双周]星期一第7,8节◇◇",工程基础类,必修,自动化科学与电气工程学院,2.5,0/24 对外:0/0
B1B033070,微机原理,,,,,学院路校区,"袁海斌◇[1-17周]星期一第1,2节◇主235◇*李  可◇[11-16双周]星期一第11,12节,[11-16双周]星期一第9,10节◇◇",工程基础类,必修,自动化科学与电气工程学院,2.5,14/23 对外:0/0
B1B033070,微机原理,,,,,学院路校区,"袁海斌◇[1-17周]星期一第1,2节◇主235◇*李  可◇[11-16双周]星期二第11,12节,[11-16双周]星期二第9,10节◇◇",工程基础类,必修,自动化科学与电气工程学院,2.5,26/27 对外:0/0
B1B033070,微机原理,,,,,学院路校区,"袁海斌◇[1-17周]星期一第1,2节◇主235◇*李  可◇[13-18单周]星期一第5,6节,[13-18单周]星期一第7,8节◇◇",工程基础类,必修,自动化科学与电气工程学院,2.5,4/30 对外:0/0
B1B033070,微机原理,,,,,学院路校区,"袁海斌◇[1-17周]星期一第1,2节◇主235◇*李  可◇[13-18单周]星期三第11,12节,[13-18单周]星期三第9,10节◇◇",工程基础类,必修,自动化科学与电气工程学院,2.5,20/25 对外:0/0
B1B033070,微机原理,,,,,学院路校区,"袁海斌◇[1-17周]星期一第1,2节◇主235◇*李  可◇[13-18单周]星期一第11,12节,[13-18单周]星期一第9,10节◇◇",工程基础类,必修,自动化科学与电气工程学院,2.5,17/27 对外:0/0
B1B033070,微机原理,,,,,学院路校区,"袁海斌◇[1-17周]星期一第1,2节◇主235◇*李  可◇[13-18单周]星期二第11,12节,[13-18单周]星期二第9,10节◇◇",工程基础类,必修,自动化科学与电气工程学院,2.5,31/35 对外:0/0
B1B033110,电磁场基础(全汉语),,,,,学院路校区,"肖春燕,陈兴乐◇[1-5周]星期二第1,2节,[1-5周]星期四第3,4节,[6-15周]星期二第1,2节,[6-15周]星期四第3,4节◇C201◇",工程基础类,必修,自动化科学与电气工程学院,3.5,13/65 对外:0/0
B1B05085A,热工基础B(全汉语),,,,,学院路校区,"赵竞全◇[1-17周]星期一第5,6节◇主北305◇",工程基础类,选修,航空科学与工程学院,2.0,24/85 对外:0/0
B1B052110,空气动力学A(全汉语),,,,,学院路校区,"张  华◇[1-17周]星期二第1,2节,[1-17周]星期五第5,6节◇G201◇",工程基础类,必修,航空科学与工程学院,5.0,1/102 对外:0/0
B1B05317B,空气动力学B（1）(全汉语),,,,,学院路校区,"刘沛清,郭  昊◇[1-17双周]星期三第5,6节,[1周]星期一第5,6节,[2-17周]星期一第5,6节◇主北307◇",工程基础类,必修,航空科学与工程学院,3.0,249/295 对外:0/0
B1B073040,机械设计基础A(2)(全汉语),,,,,学院路校区,"李秀琴◇[1-17单周]星期五第3,4节,[1-17周]星期一第7,8节◇主南201◇",工程基础类,必修,机械工程及自动化学院,3.0,0/148 对外:4/10
B1B073040,机械设计基础A(2)(全汉语),,,,,学院路校区,"杨  洋◇[1-17单周]星期四第5,6节,[1-17周]星期一第5,6节◇主南201◇",工程基础类,必修,机械工程及自动化学院,3.0,14/140 对外:6/10
B1B073040,机械设计基础A(2)(全汉语),,,,,学院路校区,"裴  旭◇[1-17单周]星期四第5,6节,[1-17周]星期一第5,6节◇主南203◇",工程基础类,必修,机械工程及自动化学院,3.0,17/140 对外:7/10
B1B073040,机械设计基础A(2)(全汉语),,,,,学院路校区,"吴  琼◇[1-17单周]星期五第3,4节,[1-17周]星期一第7,8节◇主南203◇",工程基础类,必修,机械工程及自动化学院,3.0,25/140 对外:8/10
B1B073060,机械设计基础B(2)(全汉语),,,,,学院路校区,"陈心颐◇[1-17单周]星期五第1,2节,[1-17周]星期三第3,4节◇主南203◇",工程基础类,必修,机械工程及自动化学院,3.0,1/122 对外:1/10
B1B073060,机械设计基础B(2)(全汉语),,,,,学院路校区,"孙明磊◇[1-17单周]星期五第1,2节,[1-17周]星期三第3,4节◇主南303◇",工程基础类,必修,机械工程及自动化学院,3.0,76/120 对外:1/10
B1B073060,机械设计基础B(2)(全汉语),,,,,学院路校区,"蒋永刚◇[1-17单周]星期五第1,2节,[1-17周]星期三第3,4节◇主南305◇",工程基础类,必修,机械工程及自动化学院,3.0,0/123 对外:4/10
B1B073060,机械设计基础B(2)(全汉语),,,,,学院路校区,"王延忠◇[1-17单周]星期四第1,2节,[1-17周]星期一第3,4节◇主南203◇",工程基础类,必修,机械工程及自动化学院,3.0,0/120 对外:8/10
B1B073060,机械设计基础B(2)(全汉语),,,,,学院路校区,"宁凤艳◇[1-17单周]星期四第1,2节,[1-17周]星期一第3,4节◇主南303◇",工程基础类,必修,机械工程及自动化学院,3.0,63/120 对外:10/10
B1B073060,机械设计基础B(2)(全汉语),,,,,学院路校区,"王之栎,马  纲◇[1-4单周]星期五第1,2节,[1-4周]星期三第3,4节,[5-17单周]星期五第1,2节,[5-17周]星期三第3,4节◇主南201◇",工程基础类,必修,机械工程及自动化学院,3.0,75/120 对外:7/10
B1B073060,机械设计基础B(2)(全汉语),,,,,学院路校区,"王之栎◇[1-17单周]星期四第1,2节,[1-17周]星期一第3,4节◇主南201◇",工程基础类,必修,机械工程及自动化学院,3.0,70/120 对外:9/10
B1B073060,机械设计基础B(2)(全汉语),,,,,学院路校区,"刘继红,杨毅青◇[1-17单周]星期四第1,2节,[1-17周]星期一第3,4节◇主南305◇",工程基础类,必修,机械工程及自动化学院,3.0,6/120 对外:8/10
B1B073120,流体传动(全汉语),,,,,学院路校区,"张建斌◇[1-17周]星期一第1,2节◇F203◇",工程基础类,必修,机械工程及自动化学院,2.0,2/40 对外:4/5
B1B073120,流体传动(全汉语),,,,,学院路校区,"王秀凤,万  敏◇[1-17周]星期一第1,2节◇F205◇",工程基础类,必修,机械工程及自动化学院,2.0,5/40 对外:5/5
B1B073120,流体传动(全汉语),,,,,学院路校区,"吴向东◇[1-17周]星期一第1,2节◇F207◇",工程基础类,必修,机械工程及自动化学院,2.0,5/40 对外:5/5
B1B073120,流体传动(全汉语),,,,,学院路校区,"李卫东◇[1-17周]星期一第1,2节◇F222◇",工程基础类,必修,机械工程及自动化学院,2.0,2/40 对外:5/5
B1B073120,流体传动(全汉语),,,,,学院路校区,"关世伟◇[1-17周]星期三第1,2节◇F203◇",工程基础类,必修,机械工程及自动化学院,2.0,13/40 对外:0/7
B1B073120,流体传动(全汉语),,,,,学院路校区,"祁晓野◇[1-17周]星期一第1,2节◇F103◇",工程基础类,必修,机械工程及自动化学院,2.0,2/40 对外:5/5
B1B073120,流体传动(全汉语),,,,,学院路校区,"马俊功◇[1-17周]星期一第1,2节◇D218◇",工程基础类,必修,机械工程及自动化学院,2.0,27/40 对外:4/5
B1B073120,流体传动(全汉语),,,,,学院路校区,"李万国◇[1-17周]星期三第1,2节◇F222◇",工程基础类,必修,机械工程及自动化学院,2.0,11/40 对外:1/5
B1B103160,计算机组成原理与系统结构(全汉语),,,,,学院路校区,"刘  涛◇[1-17周]星期五第5,6节◇(一)402◇",工程基础类,必修,生物与医学工程学院,2.0,16/100 对外:1/11
B1B351111,计算机科学与程序设计,,,,,学院路校区,"Sebastian Wandelt◇[2-17周]星期一第1,2节◇主北303◇*Sebastian Wandelt◇[2-17周]星期二第3,4节◇F327◇",工程基础类,必修,国际通用工程学院,3.0,0/25 对外:0/0
B1B351111,计算机科学与程序设计,,,,,学院路校区,"Sebastian Wandelt◇[2-17周]星期一第1,2节◇主北303◇*Sebastian Wandelt◇[2-17周]星期二第1,2节◇F327◇",工程基础类,必修,国际通用工程学院,3.0,0/25 对外:0/0
B3B05314B,弹性力学*(全汉语),,,,,学院路校区,"杨振宇◇[1-17双周]星期一第1,2节,[1-17周]星期四第3,4节◇主南203◇",工程基础类,必修,航空科学与工程学院,3.0,182/287 对外:0/0
B1A24212A,代数(1),,,,,学院路校区,王  钊◇[1-17周]◇,数学与自然科学类,必修,中法工程师学院,2.5,9/122 对外:0/0
B1A24213A,几何(1),,,,,学院路校区,王  钊◇[1-17周]◇,数学与自然科学类,必修,中法工程师学院,2.0,12/122 对外:0/0
B1A24214B,数学分析（2）,,,,,学院路校区,张心婷◇[1-17周]◇,数学与自然科学类,必修,中法工程师学院,4.5,9/122 对外:0/0
B1A242220,电子学,,,,,学院路校区,雷诺◇[1-17周]◇,数学与自然科学类,必修,中法工程师学院,3.5,7/122 对外:0/0
B1A24223B,理论力学(2),,,,,学院路校区,"郭易圆◇[1-17周]星期五第1,2节,星期三第1,2节◇(一)316◇",数学与自然科学类,必修,中法工程师学院,4.0,11/122 对外:0/0
B1A24224A,物理实验-电子学,,,,,学院路校区,安  炜◇[1-17周]◇,数学与自然科学类,必修,中法工程师学院,2.0,13/122 对外:0/0
B1A043230,复变函数(全汉语),,,,,学院路校区,"王  强◇[1-9周]星期二第7,8节,[1-9周]星期四第1,2节◇(三)219◇",数学与自然科学类,选修,能源与动力工程学院,2.0,45/225 对外:0/0
B1C24213A,中级法语（1）,,,,,学院路校区,"于  姗,陈威◇[1-17周]◇",语言类,必修,中法工程师学院,4.0,14/122 对外:0/0
B1C24223C,法语阅读与写作（1）,,,,,学院路校区,"于  姗,陈  威◇[1-17周]◇",语言类,必修,中法工程师学院,2.0,14/122 对外:0/0
B1C24234A,中级科技法语(1),,,,,学院路校区,"萨日娜,林立婷◇[1-17周]◇",语言类,必修,中法工程师学院,2.0,14/122 对外:0/0
B1C123110,二外德语（3）(其他语言),,,,,学院路校区,"梁  亮◇[1-17周]星期五第5,6节◇(一)202◇",语言类,必修,外国语学院,2.0,30/50 对外:3/10
B1C123120,二外法语（3）(其他语言),,,,,学院路校区,"杨  榕◇[1-17周]星期四第1,2节◇(一)209◇",语言类,必修,外国语学院,2.0,28/50 对外:1/12
B1C123130,二外日语（3）(其他语言),,,,,学院路校区,"吴向红◇[1-17周]星期四第1,2节◇(一)302◇",语言类,必修,外国语学院,2.0,23/50 对外:3/10
50G01020,台湾政治经济与两岸关系,,,,,学院路校区,"彭付芝◇[5-12周]星期七第3 ，4节,星期七第1 ，2节◇主M302",公共选修课程,选修,马克思主义学院,1.5,119/321
50G01030,图像处理,,,,,学院路校区,"游  晖◇[5-12周]星期七第7 ，8节,星期七第5 ，6节◇主M301",公共选修课程,选修,宇航学院,1.5,161/246
50G01050,西方音乐史与名曲鉴赏,,,,,学院路校区,"李爱华◇[5-12周]星期六第3 ，4节,星期六第1 ，2节◇主M201",公共选修课程,选修,人文社会科学学院,1.5,30/238
50G01080,演讲与口才,,,,,学院路校区,"姚小玲◇[5-12周]星期六第3 ，4节,星期六第1 ，2节◇主M204",公共选修课程,选修,马克思主义学院,1.5,-1/20
50G01120,中国少数民族的历史、宗教与文化,,,,,学院路校区,"黄建华◇[5-12周]星期七第7 ，8节,星期七第5 ，6节◇主M202",公共选修课程,选修,马克思主义学院,1.5,128/329
50G01170,CAD与三维设计,,,,,学院路校区,"王晚霞◇[5-11周]星期七第3 ，4节,星期七第1 ，2节◇",公共选修课程,选修,机械工程及自动化学院,1.0,0/39
50G01240,声乐与合唱艺术,,,,,学院路校区,"苏丹娜◇[5-12周]星期七第3 ，4节,星期七第1 ，2节◇主127",公共选修课程,选修,人文社会科学学院,1.5,11/48
50G01270,国际商法,,,,,学院路校区,"薄守省◇[5-12周]星期七第9 ，10节,星期七第7 ，8节◇主M201",公共选修课程,选修,法学院,1.5,238/309
B2G010130,清洁生产与可持续发展,,,,,学院路校区,"朱立群,李卫平◇[2-8周]星期二第11节,星期二第9 ，10节◇主349",一般通识类,选修,材料科学与工程学院,1.0,0/200
B2G010170,材料与社会,,,,,学院路校区,李锐星◇[2-10周]星期四第9 ，10节◇F101,一般通识类,选修,材料科学与工程学院,1.0,1/100
B2G010180,纳米结构轻合金制备技术及其应用,,,,,学院路校区,刘  彤◇[2-10周]星期四第7 ，8节◇F203,一般通识类,选修,材料科学与工程学院,1.0,0/30
B2G020140,单片机原理及应用,,,,,学院路校区,荣  欣◇[2-10周]星期一第9 ，10节◇F121,一般通识类,选修,电子信息工程学院,1.0,3/100
B2G020150,EDA基础,,,,,学院路校区,王文光◇[2-10周]星期四第9 ，10节◇主南305,一般通识类,选修,电子信息工程学院,1.0,14/30
B2G030150,单片机原理及应用(Motorola),,,,,学院路校区,申文达◇[2-14周]星期四第9 ，10节◇主北303,一般通识类,选修,自动化科学与电气工程学院,1.5,4/30
B2G030160,DSP原理及应用,,,,,学院路校区,"吴  冠,徐  东◇[2-17周]星期二第9 ，10节◇主119",一般通识类,选修,自动化科学与电气工程学院,2.0,106/150
B2G030230,电子自助实验,,,,,学院路校区,"肖  瑾◇[2-10周]星期三第11节,星期三第9 ，10节◇主113",一般通识类,选修,自动化科学与电气工程学院,2.0,25/50
B2G030240,基于DSP语音型单片机自主实验,,,,,学院路校区,"孙  丹◇[9-9周]星期七第7 ，8节,星期六第1 ，2节,星期六第3 ，4节,星期六第5 ，6节,星期六第7 ，8节,星期七第1 ，2节,星期七第3 ，4节,星期七第5 ，6节◇主119",一般通识类,选修,自动化科学与电气工程学院,1.0,8/30
B2G030250,基于ARM的现代电子技术实验,,,,,学院路校区,"黄亚玲◇[6-6周]星期七第7 ，8节,星期六第1 ，2节,星期六第3 ，4节,星期六第5 ，6节,星期六第7 ，8节,星期七第1 ，2节,星期七第3 ，4节,星期七第5 ，6节◇主119",一般通识类,选修,自动化科学与电气工程学院,1.0,2/30
B2G030270,嵌入式应用硬件接口电路实验,,,,,学院路校区,"李  莉◇[5-5周]星期七第7 ，8节,星期六第1 ，2节,星期六第3 ，4节,星期六第5 ，6节,星期六第7 ，8节,星期七第1 ，2节,星期七第3 ，4节,星期七第5 ，6节◇主北110",一般通识类,选修,自动化科学与电气工程学院,1.0,3/30
B2G030280,可编程控制器(PLC)的工作原理及应用,,,,,学院路校区,李  可◇[2-10周]星期二第9 ，10节◇主北107,一般通识类,选修,自动化科学与电气工程学院,1.0,43/60
B2G040130,航空替代燃料,,,,,学院路校区,杨晓奕◇[2-10周]星期一第9 ，10节◇(一)209,一般通识类,选修,能源与动力工程学院,1.0,3/60
B2G050120,飞机设计概论,,,,,学院路校区,周尧明◇[2-14周]星期一第9 ，10节◇主南203,一般通识类,选修,航空科学与工程学院,1.5,57/120
B2G050130,工程流体力学,,,,,学院路校区,赵小虎◇[2-10周]星期四第9 ，10节◇C102,一般通识类,选修,航空科学与工程学院,1.0,28/60
B2G050150,现代战争中的隐身技术,,,,,学院路校区,姬金祖◇[2-10周]星期四第9 ，10节◇(一)204,一般通识类,选修,航空科学与工程学院,1.0,8/200
B2G060130,计算机网络安全技术,,,,,学院路校区,夏春和◇[2-10周]星期四第9 ，10节◇G201,一般通识类,选修,计算机学院,1.5,13/100
B2G060170,网络系统运行管理及性能分析,,,,,学院路校区,栾钟治◇[2-10周]星期二第9 ，10节◇F201,一般通识类,选修,计算机学院,1.0,-1/50
B2G060230,分布式虚拟环境,,,,,学院路校区,周  忠◇[2-10周]星期二第9 ，10节◇F213,一般通识类,选修,计算机学院,1.0,40/60
B2G060240,CUDA编程与应用,,,,,学院路校区,李吉刚◇[2-10周]星期四第9 ，10节◇G101,一般通识类,选修,计算机学院,1.0,63/80
B2G070120,先进制造技术概论(英语授课),,,,,学院路校区,"乔立红◇[2-13周]星期二第11节,星期二第9 ，10节◇C201",一般通识类,选修,机械工程及自动化学院,2.0,74/100
B2G070140,OpenGL三维图形程序设计,,,,,学院路校区,陈少强◇[2-10周]星期一第9 ，10节◇C201,一般通识类,选修,机械工程及自动化学院,1.0,5/50
B2G070190,智能材料、结构与器件,,,,,学院路校区,袁松梅◇[2-14周]星期二第9 ，10节◇F101,一般通识类,选修,机械工程及自动化学院,1.5,82/100
B2G070220,产品创新设计方法导论,,,,,学院路校区,魏巍◇[2-10周]星期四第9 ，10节◇C201,一般通识类,选修,机械工程及自动化学院,1.0,25/100
B2G100130,临床医学工程导论,,,,,学院路校区,汲  婧◇[10-17周]星期二第9 ，10节◇,一般通识类,选修,生物与医学工程学院,1.0,0/50
B2G110210,舞蹈艺术（1）,,,,,学院路校区,刘峥洋◇[2-10周]星期二第7 ，8节◇(一)306,一般通识类,选修,人文社会科学学院,1.0,1/50
B2G110220,舞蹈艺术（2）,,,,,学院路校区,刘峥洋◇[2-10周]星期二第9 ，10节◇晨兴剧场,一般通识类,选修,人文社会科学学院,1.0,1/40
B2G110250,歌剧欣赏,,,,,学院路校区,苏丹娜◇[2-10周]星期二第9 ，10节◇主127,一般通识类,选修,人文社会科学学院,1.0,2/100
B2G110280,音乐作品分析与欣赏,,,,,学院路校区,苏丹娜◇[2-10周]星期二第7 ，8节◇主127,一般通识类,选修,人文社会科学学院,1.0,0/100
B2G120240,俄语科技翻译(1),,,,,学院路校区,葛焱磊◇选课要求:◇◇,一般通识类,选修,外国语学院,2.0,7/30
B2G120310,美国文化传统概览,,,,,学院路校区,韩文芳◇选课要求:◇◇,一般通识类,选修,外国语学院,1.0,4/40
B2G130110,适航概论,,,,,学院路校区,张曙光◇[2-10周]星期三第9 ，10节◇(一)212,一般通识类,选修,交通科学与工程学院,1.0,38/100
B2G130120,土木工程概论,,,,,学院路校区,高政国◇[2-10周]星期二第9 ，10节◇主203,一般通识类,选修,交通科学与工程学院,1.0,118/200
B2G150110,导弹概论,,,,,学院路校区,周  韬◇[2-10周]星期二第7 ，8节◇F121,一般通识类,选修,宇航学院,1.0,26/100
B2G150120,宇航概论,,,,,学院路校区,"王利民,贺卫亮◇[2-10周]星期二第7 ，8节◇(一)204",一般通识类,选修,宇航学院,1.0,173/200
B2G150170,数学方法在信息处理中的应用,,,,,学院路校区,史振威◇[2-10周]星期一第9 ，10节◇F102,一般通识类,选修,宇航学院,1.0,50/100
B2G150180,载人航天关键技术概论,,,,,学院路校区,"王晓慧◇[2-5周]星期二第11 ，12节,星期二第9 ，10节◇F121",一般通识类,选修,宇航学院,1.0,36/100
B2G150210,深空探测导论,,,,,学院路校区,徐世杰◇[2-10周]星期一第9 ，10节◇(一)316,一般通识类,选修,宇航学院,1.0,75/200
B2G170160,军用光电技术与应用,,,,,学院路校区,牛燕雄◇[2-10周]星期一第9 ，10节◇F101,一般通识类,选修,仪器科学与光电工程学院,1.0,35/60
B2G170280,3D技术,,,,,学院路校区,欧  攀◇[2-10周]星期二第5 ，6节◇(三)219,一般通识类,选修,仪器科学与光电工程学院,1.0,189/200
B2G190120,开放物理实验,,,,,学院路校区,"唐  芳◇[2-10周]星期六第3 ，4节,星期六第1 ，2节◇主北201",一般通识类,选修,物理科学与核能工程学院,2.0,27/50
B2G190130,近代物理实验（工科）,,,,,学院路校区,钱建强◇[6-14周]星期二第9 ，10节◇,一般通识类,选修,物理科学与核能工程学院,1.0,53/60
B2G270140,围棋基础（1）,,,,,学院路校区,薛  峰◇[2-9周]星期四第9 ，10节◇F102,一般通识类,选修,化学学院,1.0,3/100
B2G520110,信息检索与网络应用,,,,,学院路校区,冯花朴◇[2-10周]星期三第7 ，8节◇F101,一般通识类,选修,图书馆,1.0,27/90
B2G560130,音乐剧欣赏与表演实践（1）,,,,,学院路校区,张冉◇[2-10周]星期四第7 ，8节◇晨兴剧场,一般通识类,选修,团委,1.0,4/50
B2G560280,职业发展与就业指导（2）,,,,,学院路校区,刘  睿◇[2-10周]星期二第7 ，8节◇主南203,一般通识类,选修,招生就业处,1.0,32/100
B2G560280,职业发展与就业指导（2）,,,,,学院路校区,赵  敏◇[2-10周]星期三第7 ，8节◇F121,一般通识类,选修,招生就业处,1.0,14/100
B2G560280,职业发展与就业指导（2）,,,,,学院路校区,刘  睿◇[2-10周]星期四第7 ，8节◇主南203,一般通识类,选修,招生就业处,1.0,3/100
B2G560370,创业实训（1）,,,,,学院路校区,董青春◇[2-10周]星期三第7 ，8节◇(一)405,一般通识类,选修,校内其它单位,1.0,35/50
B2G560380,航模技术(初级),,,,,学院路校区,"孙景桥◇[2-14周]星期六第3节,星期五第10节,星期五第11节,星期六第2节◇(二)211",一般通识类,选修,校内其它单位,2.0,27/60
B2G010111,Principles and Applications of Thermal Analysis for Materials Characterization,,,,,学院路校区,"Nicholas A.Hawkins◇[1周]星期三第1,2节,星期五第1,2节,星期日第1,2节,星期一第1,2节,[1周]星期三第3,4节,星期五第3,4节,星期日第3,4节,星期一第3,4节,[1周]星期四第5,6节,星期六第5,6节,星期二第5,6节,[1周]星期四第7,8节,星期六第7,8节,星期二第7,8节,[2周]星期一第1,2节,[2周]星期一第3,4节◇G101◇选课要求:◇◇",一般通识类,选修,材料科学与工程学院,2.0,-1/27
B2G010121,"Structure, Property and Function of Biomacromolecules",,,,,学院路校区,"管  娟◇[3,4周]星期二第5,6节,[3,4周]星期二第7,8节,[3,4周]星期四第1,2节,[3,4周]星期四第3,4节◇F205◇选课要求:◇◇",一般通识类,选修,材料科学与工程学院,1.0,-4/40
B2G020111,Appreciation of Classical Papers: The Selected Top Papers in Electromagnetism,,,,,学院路校区,"谢拥军◇[1-4周]星期二第1,2节,[1-4周]星期二第3,4节,[1-4周]星期四第5,6节,[1-4周]星期四第7,8节◇D221◇选课要求:◇◇",一般通识类,选修,电子信息工程学院,2.0,-3/28
B2G020131,Electromagnetic Compatibility,,,,,学院路校区,"阎照文,赵小莹,王晓晓◇[1-4周]星期三第5,6节,[1-4周]星期三第7,8节,[1-4周]星期一第1,2节,[1-4周]星期一第3,4节◇F122◇选课要求:◇◇",一般通识类,选修,电子信息工程学院,2.0,28/80
B2G020141,Spintronics: Fundamentals to Applications,,,,,学院路校区,"Albert Fert,赵巍胜,于海明◇[1-4周]星期二第5,6节,[1-4周]星期二第7,8节,[1-4周]星期四第1,2节,[1-4周]星期四第3,4节◇D215◇选课要求:◇◇",一般通识类,选修,电子信息工程学院,2.0,-1/45
B2G030111,Dynamic System and Controls,,,,,学院路校区,"Mileta Tomovic◇[1-4周]星期二第5,6节,[1-4周]星期二第7,8节,[1-4周]星期四第1,2节,[1-4周]星期四第3,4节◇D221◇选课要求:◇◇",一般通识类,选修,自动化科学与电气工程学院,2.0,-1/45
B2G030121,Frontier Approaches of Control Science,,,,,学院路校区,"闫  鹏,李  阳◇[2周]星期四第1,2节,星期一第1,2节,星期二第1,2节,星期三第1,2节,[2周]星期四第3,4节,星期一第3,4节,星期二第3,4节,星期三第3,4节,[3周]星期四第1,2节,星期一第1,2节,星期二第1,2节,星期三第1,2节,[3周]星期四第3,4节,星期一第3,4节,星期二第3,4节,星期三第3,4节◇F121◇选课要求:◇◇",一般通识类,选修,自动化科学与电气工程学院,2.0,-17/80
B2G030131,Introduction to System Simulation and Applications,,,,,学院路校区,"Ralph Huntsinger◇[1,2周]星期四第1,2节,[1,2周]星期四第3,4节,[1-3周]星期二第5,6节,[1-3周]星期二第7,8节,[1-3周]星期一第1,2节,[1-3周]星期一第3,4节◇F118◇选课要求:◇◇",一般通识类,选修,自动化科学与电气工程学院,2.0,-4/45
B2G030141,Electro-hydraulic Servo Control Systems,,,,,学院路校区,"于黎明◇[1,2周]星期三第5,6节,[1,2周]星期三第7,8节,[1,2周]星期一第1,2节,[1,2周]星期一第3,4节◇F205◇选课要求:◇◇",一般通识类,选修,自动化科学与电气工程学院,1.0,-8/21
B2G030151,Pilot-Aircraft Flight Control Systems,,,,,学院路校区,"于黎明◇[1,2周]星期二第5,6节,[1,2周]星期二第7,8节,[1,2周]星期四第1,2节,[1,2周]星期四第3,4节◇F205◇选课要求:◇◇",一般通识类,选修,自动化科学与电气工程学院,1.0,-13/35
B2G030171,System Optimization and Decision-making under Unce,,,,,学院路校区,"Abdelkader El Kamel◇[2-4周]星期三第1,2节,[2-4周]星期三第3,4节,[2-4周]星期四第5,6节,[2-4周]星期四第7,8节,[3周]星期二第1,2节,[3周]星期二第3,4节,[3周]星期一第5,6节,[3周]星期一第7,8节◇D215◇选课要求:◇◇",一般通识类,选修,自动化科学与电气工程学院,2.0,-7/27
B2G030201,Management and Leadership,,,,,学院路校区,"Cythia Tomovic◇[1-4周]星期三第1,2节,[1-4周]星期三第3,4节,[1-4周]星期一第5,6节,[1-4周]星期一第7,8节◇D218◇选课要求:◇◇",一般通识类,选修,自动化科学与电气工程学院,2.0,-3/45
B2G040151,Refrigeration Technology,,,,,学院路校区,"Ge Yunting◇[2周]星期二第5,6节,星期三第5,6节,星期四第5,6节,星期五第5,6节,星期六第5,6节,星期日第5,6节,星期一第5,6节,[2周]星期二第7,8节,星期三第7,8节,星期四第7,8节,星期五第7,8节,星期六第7,8节,星期日第7,8节,星期一第7,8节,[3周]星期一第1,2节,[3周]星期一第3,4节◇F102◇选课要求:◇◇",一般通识类,选修,能源与动力工程学院,2.0,-7/45
B2G040161,Special Topics in Fluid Dynamics,,,,,学院路校区,"Lu Pong-Jeu◇[3周]星期二第1,2节,星期六第1,2节,星期四第1,2节,[3周]星期二第3,4节,星期六第3,4节,星期四第3,4节,[3周]星期三第5,6节,星期日第5,6节,星期五第5,6节,[3周]星期三第7,8节,星期日第7,8节,星期五第7,8节◇F224◇选课要求:◇◇",一般通识类,选修,能源与动力工程学院,1.5,31/36
B2G040181,Continuum Mechanics of Fluids and Solids,,,,,学院路校区,"Li Bo◇[2周]星期六第1,2节,[2周]星期六第3,4节,[2周]星期日第5,6节,[2周]星期日第7,8节,[3周]星期六第1,2节,星期一第1,2节,星期三第1,2节,星期五第1,2节,[3周]星期六第3,4节,星期一第3,4节,星期三第3,4节,星期五第3,4节,[3周]星期四第5,6节,星期二第5,6节,[3周]星期四第7,8节,星期二第7,8节◇F101◇选课要求:◇◇",一般通识类,选修,能源与动力工程学院,2.0,1/36
B2G040211,"Why It Fails: Material Damage, Prognosis and Prote",,,,,学院路校区,"杨晓光◇[2周]星期四第3,4节,星期一第3,4节,星期二第3,4节,星期三第3,4节,[2周]星期四第5,6节,星期一第5,6节,星期二第5,6节,星期三第5,6节◇C102◇选课要求:◇◇",一般通识类,选修,能源与动力工程学院,1.0,-13/35
B2G050131,Experimental Principle of Aerodynamics,,,,,学院路校区,"王延奎◇[1-4周]星期三第1,2节,[1-4周]星期三第3,4节,[1-4周]星期一第5,6节,[1-4周]星期一第7,8节◇F103◇选课要求:◇◇",一般通识类,选修,航空科学与工程学院,2.0,0/21
B2G050141,Finite Element Analysis in Engineering,,,,,学院路校区,"张  彤◇[1-4周]星期三第1,2节,星期一第1,2节,[1-4周]星期三第3,4节,星期一第3,4节◇(一)204◇选课要求:◇◇",一般通识类,选修,航空科学与工程学院,2.0,-16/110
B2G050151,Environmental Control System for Commercial Airpla,,,,,学院路校区,"张兴娟◇[1周]星期五第5,6节,星期一第5,6节,星期二第5,6节,星期三第5,6节,星期四第5,6节,[1周]星期五第7,8节,星期一第7,8节,星期二第7,8节,星期三第7,8节,星期四第7,8节,[2周]星期三第5,6节,星期一第5,6节,星期二第5,6节,[2周]星期三第7,8节,星期一第7,8节,星期二第7,8节◇C201◇选课要求:◇◇",一般通识类,选修,航空科学与工程学院,2.0,-11/28
B2G060121,Computer Animation Algorithms and Techniques,,,,,学院路校区,"潘俊君◇[1-4周]星期二第5,6节,[1-4周]星期二第7,8节,[1-4周]星期四第1,2节,[1-4周]星期四第3,4节◇F203◇选课要求:◇◇",一般通识类,选修,计算机学院,2.0,1/47
B2G060141,Web Development with Modeling Technology,,,,,学院路校区,"HUANG Shihong,任  健◇[1周]星期二第9,10节,星期一第9,10节,[1周]星期三第5,6节,星期一第5,6节,星期二第5,6节,[1周]星期三第7,8节,星期一第7,8节,星期二第7,8节,[1周]星期四第1,2节,星期一第1,2节,星期二第1,2节,星期三第1,2节,[1周]星期四第3,4节,星期一第3,4节,星期二第3,4节,星期三第3,4节◇F219,F327◇选课要求:◇◇",一般通识类,选修,计算机学院,2.0,-3/27
B2G060151,"Data Science, Probabilistic Modeling and Reasoning",,,,,学院路校区,"朱皞罡◇[1-4周]星期三第5,6节,[1-4周]星期三第7,8节,[1-4周]星期一第1,2节,[1-4周]星期一第3,4节◇D215◇选课要求:◇◇",一般通识类,选修,计算机学院,2.0,-9/21
B2G070121,Materials for Engineers,,,,,学院路校区,"Karine L.-Taillard◇[2,3周]星期五第1,2节,星期二第1,2节,星期三第1,2节,[2,3周]星期五第3,4节,星期二第3,4节,星期三第3,4节◇F203◇选课要求:◇◇",一般通识类,选修,机械工程及自动化学院,1.5,12/36
B2G070151,Tool Path Generation in Computer Aided Manufacturing,,,,,学院路校区,"Sylvain Lavernhe◇[2周]星期五第1,2节,星期二第1,2节,星期三第1,2节,[2周]星期五第3,4节,星期二第3,4节,星期三第3,4节,[3周]星期五第1,2节,星期二第1,2节,星期三第1,2节,[3周]星期五第3,4节,星期二第3,4节,星期三第3,4节◇B406,F118◇选课要求:◇◇",一般通识类,选修,机械工程及自动化学院,1.5,23/36
B2G070161,3D Parametric Product Modeling Using CATIA V5-6,,,,,学院路校区,"Goran Devedzic◇[1,2周]星期三第5,6节,[1,2周]星期三第7,8节,[1,2周]星期五第1,2节,星期一第1,2节,[1,2周]星期五第3,4节,星期一第3,4节◇◇选课要求:◇◇",一般通识类,选修,机械工程及自动化学院,1.5,-4/36
B2G070171,Technologies of Developing Personal Aerial Vehicles (PAVs),,,,,学院路校区,"Wulan Muqi,Linghai Lu◇[3,4周]星期二第5节,[3,4周]星期二第6节,[3,4周]星期二第7节,[3,4周]星期三第1,2节,[3,4周]星期三第3节,[3,4周]星期四第1节,[3,4周]星期四第2节,[3,4周]星期四第3节,[3,4周]星期四第5节,[3,4周]星期四第6节,[3,4周]星期四第7节◇D225◇选课要求:◇◇",一般通识类,选修,机械工程及自动化学院,1.5,10/36
B2G070181,Strategies and Designs for Giving an A+ Presentati,,,,,学院路校区,"Ying Petersen◇[1,2周]星期三第1,2节,[1,2周]星期三第3,4节,[1,2周]星期四第5,6节,星期一第5,6节,[1,2周]星期四第7,8节,星期一第7,8节◇F222◇选课要求:◇◇",一般通识类,选修,机械工程及自动化学院,1.5,-5/27
B2G080111,Corporate Finance,,,,,学院路校区,"白  明◇[1周]星期六第5,6节,星期三第5,6节,星期五第5,6节,星期日第5,6节,星期一第5,6节,星期二第5,6节,星期四第5,6节,[1周]星期六第7,8节,星期三第7,8节,星期五第7,8节,星期日第7,8节,星期一第7,8节,星期二第7,8节,星期四第7,8节,[2周]星期一第5,6节,[2周]星期一第7,8节◇F101◇选课要求:◇◇",一般通识类,选修,经济管理学院,2.0,-8/21
B2G080131,Marketing Management,,,,,学院路校区,"许文媞◇[1,2周]星期三第5,6节,[1,2周]星期三第7,8节,[1,2周]星期五第1,2节,[1,2周]星期五第3,4节◇F222◇选课要求:◇◇",一般通识类,选修,经济管理学院,1.0,-7/21
B2G080141,Microeconomics,,,,,学院路校区,"田  琼◇[1,2周]星期四第1,2节,星期二第1,2节,[1,2周]星期四第3,4节,星期二第3,4节,[1,2周]星期五第5,6节,星期三第5,6节,[1,2周]星期五第7,8节,星期三第7,8节◇F227◇选课要求:◇◇",一般通识类,选修,经济管理学院,2.0,-12/28
B2G080161,Production & Operations Management,,,,,学院路校区,"贾国柱◇[1,2周]星期二第5,6节,星期四第5,6节,[1,2周]星期二第7,8节,星期四第7,8节,[1,2周]星期三第1,2节,星期五第1,2节,[1,2周]星期三第3,4节,星期五第3,4节◇D225◇选课要求:◇◇",一般通识类,选修,经济管理学院,2.0,-6/21
B2G090111,An Introduction to Mesh Generation Methods & Software for Scientific Computing,,,,,学院路校区,"Si Hang◇[2,3周]星期三第1,2节,星期一第1,2节,[2,3周]星期三第3,4节,星期一第3,4节,[2,3周]星期四第5,6节,星期二第5,6节,[2,3周]星期四第7,8节,星期二第7,8节◇F224◇选课要求:◇◇",一般通识类,选修,数学与系统科学学院,2.0,-4/36
B2G090141,Scientific Visualization,,,,,学院路校区,"Wang Xiaoqiang◇[1-4周]星期四第1,2节,星期五第1,2节,[1-4周]星期四第3,4节,星期五第3,4节◇F103◇选课要求:◇◇",一般通识类,选修,数学与系统科学学院,2.0,-2/27
B2G090151,Optimization Methods in Finance,,,,,学院路校区,"Peng Jiming◇[1-4周]星期二第1,2节,星期一第1,2节,[1-4周]星期二第3,4节,星期一第3,4节◇D225◇选课要求:◇◇",一般通识类,选修,数学与系统科学学院,2.0,-4/45
B2G090161,Survey on Calculus,,,,,学院路校区,"魏光美◇[1-4周]星期四第1,2节,[1-4周]星期四第3,4节◇F222◇选课要求:◇◇",一般通识类,选修,数学与系统科学学院,1.0,-6/40
B2G120111,"American Society, Culture, and Mass Media",,,,,学院路校区,"Wang Yong◇[1-4周]星期二第1,2节,[1-4周]星期二第3,4节,[1-4周]星期四第5,6节,[1-4周]星期四第7,8节◇F205◇选课要求:◇◇",一般通识类,选修,外国语学院,2.0,-6/45
B2G120131,Research Design and Statistics,,,,,学院路校区,"Wang Yong◇[1-4周]星期二第5,6节,[1-4周]星期二第7,8节,[1-4周]星期四第1,2节,[1-4周]星期四第3,4节◇F207◇选课要求:◇◇",一般通识类,选修,外国语学院,2.0,-4/25
B2G120221,Comparative Rhetoric: An Introduction,,,,,学院路校区,"曹巧珍,Lvming Mao◇[1,2周]星期五第2节,星期一第2节,星期二第2节,星期四第2节,[1,2周]星期五第3节,星期一第3节,星期二第3节,星期四第3节,[1,2周]星期五第4节,星期一第4节,星期二第4节,星期四第4节,[1-3周]星期五第2节,星期一第2节,星期二第2节,星期四第2节,[1-3周]星期五第3节,星期一第3节,星期二第3节,星期四第3节,[1-3周]星期五第4节,星期一第4节,星期二第4节,星期四第4节,[3周]星期五第3节,星期一第3节,星期二第3节,星期四第3节,[3周]星期五第4节,星期一第4节,星期二第4节,星期四第4节◇F213◇选课要求:◇◇",一般通识类,选修,外国语学院,2.0,-1/18
B2G120231,A Survey of China's History,,,,,学院路校区,"程艳琴◇[1-3周]星期五第1,2节,星期一第1,2节,[1-3周]星期五第3,4节,星期一第3,4节,[4周]星期四第1,2节,星期一第1,2节,[4周]星期四第3,4节,星期一第3,4节◇C201◇选课要求:◇◇",一般通识类,选修,外国语学院,2.0,-9/21
B2G120241,Rhetorical Criticism,,,,,学院路校区,"Lv Xing◇[4周]星期四第1,2节,星期一第1,2节,星期二第1,2节,星期三第1,2节,[4周]星期四第3,4节,星期一第3,4节,星期二第3,4节,星期三第3,4节◇F224◇选课要求:◇◇",一般通识类,选修,外国语学院,1.0,-1/27
B2G130141,Automotive IOT: Theory and Practice,,,,,学院路校区,"Zhengguo Sheng◇[3周]星期二第5,6节,星期四第5,6节,[3周]星期二第7,8节,星期四第7,8节,[3周]星期三第1,2节,星期五第1,2节,[3周]星期三第3,4节,星期五第3,4节◇F219◇选课要求:◇◇",一般通识类,选修,交通科学与工程学院,1.0,-7/40
B2G140111,Probabilistic Operations Research,,,,,学院路校区,"黄婷婷,David Coit◇[1周]星期五第1,2节,星期四第1,2节,星期二第1,2节,星期三第1,2节,[1周]星期五第3,4节,星期四第3,4节,星期二第3,4节,星期三第3,4节,[2周]星期五第1,2节,星期四第1,2节,星期二第1,2节,星期三第1,2节,[2周]星期五第3,4节,星期四第3,4节,星期二第3,4节,星期三第3,4节◇F201◇选课要求:◇◇",一般通识类,选修,可靠性与系统工程学院,2.0,-3/45
B2G170111,Fiber-optic Communication Technology,,,,,学院路校区,"伊小素◇[1-4周]星期五第5,6节,[1-4周]星期五第7,8节,[1-4周]星期一第1,2节,[1-4周]星期一第3,4节◇F203◇选课要求:◇◇",一般通识类,选修,仪器科学与光电工程学院,2.0,-7/21
B2G170131,Optical Imaging Instruments: From Classical to Quantum,,,,,学院路校区,"孙鸣捷◇[1-4周]星期一第5,6节,星期三第5,6节,[1-4周]星期一第7,8节,星期三第7,8节◇F203◇选课要求:◇◇",一般通识类,选修,仪器科学与光电工程学院,2.0,-9/21
B2G170141,Principle and Application of Lasers,,,,,学院路校区,"胡姝玲◇[1-4周]星期四第5,6节,星期二第5,6节,[1-4周]星期四第7,8节,星期二第7,8节◇F201◇选课要求:◇◇",一般通识类,选修,仪器科学与光电工程学院,2.0,-8/21
B2G180111,Global Perspectives,,,,,学院路校区,"John Poladian◇[1周]星期四第1,2节,星期一第1,2节,星期三第1,2节,星期五第1,2节,星期二第1,2节,[1周]星期四第3,4节,星期一第3,4节,星期三第3,4节,星期五第3,4节,星期二第3,4节,[2周]星期二第1,2节,星期一第1,2节,星期三第1,2节,[2周]星期二第3,4节,星期一第3,4节,星期三第3,4节◇F207,F224◇选课要求:◇◇",一般通识类,选修,北京学院,2.0,-3/27
B2G180121,The Route to Become a Global Engineer,,,,,学院路校区,"Mark Stewart◇[1周]星期五第1,2节,星期一第1,2节,星期二第1,2节,星期三第1,2节,星期四第1,2节,[1周]星期五第3,4节,星期一第3,4节,星期二第3,4节,星期三第3,4节,星期四第3,4节,[2周]星期三第1,2节,星期一第1,2节,星期二第1,2节,[2周]星期三第3,4节,星期一第3,4节,星期二第3,4节◇F101◇选课要求:◇◇",一般通识类,选修,北京学院,2.0,-1/27
B2G180131,"Invention, Innovation, and Entrepreneurship",,,,,学院路校区,"David Trones◇[1周]星期五第1,2节,星期一第1,2节,星期二第1,2节,星期三第1,2节,星期四第1,2节,[1周]星期五第3,4节,星期一第3,4节,星期二第3,4节,星期三第3,4节,星期四第3,4节,[2周]星期三第1,2节,星期一第1,2节,星期二第1,2节,[2周]星期三第3,4节,星期一第3,4节,星期二第3,4节◇G201◇选课要求:◇◇",一般通识类,选修,北京学院,2.0,-2/27
B2G180141,Fundamentals of International Engineering,,,,,学院路校区,"Jason Whaley◇[1周]星期五第1,2节,星期二第1,2节,星期四第1,2节,星期一第1,2节,星期三第1,2节,[1周]星期五第3,4节,星期二第3,4节,星期四第3,4节,星期一第3,4节,星期三第3,4节,[2周]星期三第1,2节,星期二第1,2节,星期一第1,2节,[2周]星期三第3,4节,星期二第3,4节,星期一第3,4节◇E207◇选课要求:◇◇",一般通识类,选修,北京学院,2.0,-7/27
B2G180151,A Survey of Chinese Culture,,,,,学院路校区,"赵晓男◇[1-4周]星期三第5,6节,[1-4周]星期三第7,8节,[1-4周]星期一第1,2节,[1-4周]星期一第3,4节◇D221◇选课要求:◇◇",一般通识类,选修,北京学院,2.0,6/50
B2G180161,Closer to China's Economy,,,,,学院路校区,"赵晓男◇[1-4周]星期二第5,6节,[1-4周]星期二第7,8节,[1-4周]星期四第1,2节,[1-4周]星期四第3,4节◇D218◇选课要求:◇◇",一般通识类,选修,北京学院,2.0,1/50
B2G200111,Air Law and China,,,,,学院路校区,"刘  浩◇[1-4周]星期三第5,6节,星期一第5,6节◇F228◇选课要求:◇◇",一般通识类,选修,法学院,1.0,7/80
B2G200121,Space Law and China,,,,,学院路校区,"刘  浩,Fabio Tronchetti◇[1,2周]星期四第5,6节,星期二第5,6节,[3,4周]星期四第5,6节,星期二第5,6节◇F228◇选课要求:◇◇",一般通识类,选修,法学院,1.0,-8/70
B2G200141,International Business Law - The Legal Environment of Doing Business in China,,,,,学院路校区,"薄守省◇[1,2周]星期二第1,2节,星期一第1,2节,[1,2周]星期二第3,4节,星期一第3,4节◇F228◇选课要求:◇◇",一般通识类,选修,法学院,1.0,-7/21
B2G200161,Criminal and Procedural Law of China,,,,,学院路校区,"刘  浩,Cao Jing◇[1,2周]星期二第3,4节,[1,2周]星期一第1,2节,[3,4周]星期二第3,4节,[3,4周]星期一第1,2节◇F228◇选课要求:◇◇",一般通识类,选修,法学院,1.0,29/80
B2G250121,Learn to Speak Chinese (B),,,,,学院路校区,"郭莉萍,赵丽◇[1周]星期日第1,2节,星期五第1,2节,星期六第1,2节,[1周]星期日第3,4节,星期五第3,4节,星期六第3,4节,[1周]星期四第1,2节,星期一第1,2节,星期二第1,2节,星期三第1,2节,[1周]星期四第3,4节,星期一第3,4节,星期二第3,4节,星期三第3,4节,[2周]星期一第1,2节,[2周]星期一第3,4节◇F102◇选课要求:◇◇",一般通识类,选修,国际学院,2.0,-15/0
B2G250121,Learn to Speak Chinese (B),,,,,学院路校区,"熊  瑛,沙茜◇[1周]星期日第5,6节,星期五第5,6节,星期六第5,6节,[1周]星期日第7,8节,星期五第7,8节,星期六第7,8节,[1周]星期四第5,6节,星期一第5,6节,星期二第5,6节,星期三第5,6节,[1周]星期四第7,8节,星期一第7,8节,星期二第7,8节,星期三第7,8节,[2周]星期一第5,6节,[2周]星期一第7,8节◇F121◇选课要求:◇◇",一般通识类,选修,国际学院,2.0,-15/0
B2G260121,Chinese Human Landscape and Artistic Heritage,,,,,学院路校区,"宫万琳◇[1-4周]星期四第5,6节,[1-4周]星期四第7,8节◇F203◇选课要求:◇◇",一般通识类,选修,新媒体艺术与设计学院,1.0,-10/22
B2G290130,中加社会与文化（全英文）,,,,,学院路校区,,一般通识类,选修,人文与社会科学高等研究院,2.0,0/16
50G01030,图像处理(全汉语),,,,,学院路校区,"游  晖◇[4-13周]星期日第5,6节,[4-13周]星期日第7节◇主M202◇选课要求:◇◇",公共选修课程,选修,宇航学院,1.5,36/100
50G01050,西方音乐史与名曲鉴赏(全汉语),,,,,学院路校区,"李爱华◇[4-13周]星期五第11节,[4-13周]星期五第9,10节◇主M201◇选课要求:◇◇",公共选修课程,选修,人文社会科学学院,1.5,0/20
50G01120,中国少数民族的历史、宗教与文化(全汉语),,,,,学院路校区,"黄建华◇[4-13周]星期日第5,6节,[4-13周]星期日第7节◇主M204◇选课要求:◇◇",公共选修课程,选修,马克思主义学院,1.5,2/40
50G01170,CAD与三维设计(全汉语),,,,,学院路校区,"陈甜甜◇[4-11周]星期日第2节,[4-11周]星期日第3,4节◇B406◇选课要求:◇◇",公共选修课程,选修,机械工程及自动化学院,1.0,11/50
50G01240,声乐与合唱艺术(全汉语),,,,,学院路校区,"苏丹娜◇[4-13周]星期日第2节,[4-13周]星期日第3,4节◇主127◇选课要求:◇◇",公共选修课程,选修,人文社会科学学院,1.5,6/20
50G01270,国际商法(全汉语),,,,,学院路校区,"薄守省,孙新强◇[4-8周]星期日第11节,[4-8周]星期日第9,10节,[9-13周]星期日第11节,[9-13周]星期日第9,10节◇主M201◇选课要求:◇◇",公共选修课程,选修,法学院,1.5,71/100
B2G010130,清洁生产与可持续发展(全汉语),,,,,学院路校区,"朱立群,李卫平◇[2周]星期二第9,10节,[3,5-10周]星期二第9,10节,[4周]星期二第9,10节◇(一)212◇选课要求:◇◇",一般通识类,选修,材料科学与工程学院,1.0,51/100
B2G020120,航空电子导航(全汉语),,,,,学院路校区,"赵  昀◇[2-10周]星期三第9,10节◇(一)212◇选课要求:◇◇",一般通识类,选修,电子信息工程学院,1.0,94/100
B2G020150,EDA基础(全汉语),,,,,学院路校区,"王文光◇[2-10周]星期五第9,10节◇(一)402◇选课要求:◇◇",一般通识类,选修,电子信息工程学院,1.0,88/100
B2G030150,单片机原理及应用(Motorola)(全汉语),,,,,学院路校区,"张  静◇[5-7周]星期日第1,2节,[5-7周]星期日第3,4节,[5-7周]星期日第5,6节,[5-7周]星期日第7,8节◇主北110◇选课要求:◇◇",一般通识类,选修,自动化科学与电气工程学院,1.5,0/30
B2G030160,DSP原理及应用(全汉语),,,,,学院路校区,"孙  丹◇[5,6周]星期六第7,8节,星期日第7,8节,[5,6周]星期日第1,2节,星期六第1,2节,[5,6周]星期日第3,4节,星期六第3,4节,[5,6周]星期日第5,6节,星期六第5,6节◇主119◇选课要求:◇◇",一般通识类,选修,自动化科学与电气工程学院,2.0,18/30
B2G030230,电子自助实验(全汉语),,,,,学院路校区,"肖  瑾◇[6,7周]星期日第1,2节,星期六第1,2节,[6,7周]星期日第3,4节,星期六第3,4节,[6,7周]星期日第5,6节,星期六第5,6节,[6,7周]星期日第7,8节,星期六第7,8节◇主113◇选课要求:◇◇",一般通识类,选修,自动化科学与电气工程学院,2.0,22/30
B2G030250,基于ARM的现代电子技术实验(全汉语),,,,,学院路校区,"黄亚玲◇[4周]星期日第1,2节,星期六第1,2节,[4周]星期日第3,4节,星期六第3,4节,[4周]星期日第5,6节,星期六第5,6节,[4周]星期日第7,8节,星期六第7,8节◇主119◇选课要求:◇◇",一般通识类,选修,自动化科学与电气工程学院,1.0,2/30
B2G030270,嵌入式应用硬件接口电路实验(全汉语),,,,,学院路校区,"李  莉◇[4周]星期日第1,2节,星期六第1,2节,[4周]星期日第3,4节,星期六第3,4节,[4周]星期日第5,6节,星期六第5,6节,[4周]星期日第7,8节,星期六第7,8节◇主北110◇选课要求:◇◇",一般通识类,选修,自动化科学与电气工程学院,1.0,25/30
B2G030280,可编程控制器(PLC)的工作原理及应用(全汉语),,,,,学院路校区,"李  可◇[4-11周]星期二第9,10节◇主北107◇选课要求:◇◇",一般通识类,选修,自动化科学与电气工程学院,1.0,25/30
B2G050120,飞机设计概论(全汉语),,,,,学院路校区,"周尧明◇[2-14周]星期一第9,10节◇F227◇选课要求:◇◇",一般通识类,选修,航空科学与工程学院,1.5,65/90
B2G050130,工程流体力学(全汉语),,,,,学院路校区,"赵小虎◇[2-10周]星期四第9,10节◇C102◇选课要求:◇◇",一般通识类,选修,航空科学与工程学院,1.0,41/60
B2G050150,现代战争中的隐身技术(全汉语),,,,,学院路校区,"姬金祖◇[2-10周]星期四第5,6节◇C201◇选课要求:◇◇",一般通识类,选修,航空科学与工程学院,1.0,83/90
B2G050150,现代战争中的隐身技术(全汉语),,,,,学院路校区,"姬金祖◇[2-10周]星期四第7,8节◇C201◇选课要求:◇◇",一般通识类,选修,航空科学与工程学院,1.0,80/90
B2G060130,计算机网络安全技术(全汉语),,,,,学院路校区,"夏春和◇[2-10周]星期二第9,10节◇F227◇选课要求:◇◇",一般通识类,选修,计算机学院,1.5,8/80
B2G060230,分布式虚拟环境(全汉语),,,,,学院路校区,"周  忠◇[2-10周]星期二第7,8节◇D215◇选课要求:◇◇",一般通识类,选修,计算机学院,1.0,45/60
B2G060240,CUDA编程与应用(全汉语),,,,,学院路校区,"李吉刚◇[2-10周]星期四第9,10节◇G101◇选课要求:◇◇",一般通识类,选修,计算机学院,1.0,42/60
B2G060260,数字图像工程基础(全汉语),,,,,学院路校区,"李  波,胡海苗◇[2-10周]星期一第9,10节◇C102◇选课要求:◇◇",一般通识类,选修,计算机学院,1.0,43/60
B2G070120,先进制造技术概论(英语授课)(全英语),,,,,学院路校区,"乔立红◇[4-14周]星期二第5,6节,[4-14周]星期二第7节◇主M203(录播)◇选课要求:◇◇",一般通识类,选修,机械工程及自动化学院,2.0,24/50
B2G070220,产品创新设计方法导论(全汉语),,,,,学院路校区,"魏  巍◇[2-10周]星期四第9,10节◇F101◇选课要求:◇◇",一般通识类,选修,机械工程及自动化学院,1.0,94/100
B2G070290,创意创新创业(全汉语),,,,,学院路校区,"王田苗◇[2-10周]星期一第9,10节◇D221◇选课要求:◇◇",一般通识类,选修,机械工程及自动化学院,1.0,9/30
B2G070310,有趣的机构发明(全汉语),,,,,学院路校区,"于靖军◇[2-11周]星期四第9,10节◇B506◇选课要求:◇◇",一般通识类,选修,机械工程及自动化学院,1.0,26/50
B2G110210,舞蹈艺术（1）(全汉语),,,,,学院路校区,"刘峥洋◇[2-10周]星期二第7,8节◇(一)306◇选课要求:◇◇",一般通识类,选修,人文社会科学学院,1.0,53/60
B2G110250,歌剧欣赏(全汉语),,,,,学院路校区,"苏丹娜◇[2-10周]星期二第9,10节◇主127◇选课要求:
◇◇",一般通识类,选修,人文社会科学学院,1.0,22/100
B2G110280,音乐作品分析与欣赏(全汉语),,,,,学院路校区,"苏丹娜◇[2-10周]星期二第7,8节◇主127◇选课要求:◇◇",一般通识类,选修,人文社会科学学院,1.0,40/100
B2G130110,适航概论(全汉语),,,,,学院路校区,"张曙光,柯  鹏◇[2-10周]星期二第7,8节◇F121◇选课要求:◇◇",一般通识类,选修,交通科学与工程学院,1.0,58/80
B2G150110,导弹概论(全汉语),,,,,学院路校区,"周  韬◇[2-10周]星期一第7,8节◇F101◇选课要求:◇◇",一般通识类,选修,宇航学院,1.0,88/100
B2G150210,深空探测导论(全汉语),,,,,学院路校区,"徐世杰,王  悦◇[2-14周]星期一第9,10节◇F101◇选课要求:◇◇",一般通识类,选修,宇航学院,1.5,88/100
B2G190120,开放物理实验(全汉语),,上课时间地点另行通知,,,学院路校区,唐  芳◇[4-11周]◇,一般通识类,选修,物理科学与核能工程学院,2.0,187/200
B2G270140,围棋基础（1）(全汉语),,,,,学院路校区,"薛  峰◇[4-11周]星期二第9,10节◇F121◇选课要求:◇◇",一般通识类,选修,化学学院,1.0,2/100
B2G270150,印象北京(全汉语),,,,,学院路校区,"薛  峰◇[4-7周]星期二第7,8节,[8-11周]星期二第7,8节◇主南203◇选课要求:◇◇",一般通识类,选修,化学学院,1.0,8/200
B2G280200,沧桑正道：中国共产党与国家治理能力和治理体系现代化(全汉语),,18:00在“培训中心”集合，校外上课。大三、大四对马克思主义理论、党建相关理论感兴趣的同学,,,学院路校区,"马炳涛◇[5-14周]星期三第11节,[5-14周]星期三第9,10节◇◇选课要求:18:00在“培训中心”集合，校外上课。大三、大四对马克思主义理论、党建相关理论感兴趣的同学◇◇",一般通识类,选修,马克思主义学院,2.0,3/45
B2G510210,大学生团体心理辅导(全汉语),,上课时间另行通知，上课地点：心理咨询中心团体辅导室,,,学院路校区,"张  焰◇[2-10周]星期六第11,12节◇心理咨询中心团体辅导室◇选课要求:上课时间另行通知，上课地点：心理咨询中心团体辅导室◇◇",一般通识类,选修,学生处武装部,1.0,180/200
B2G520110,信息检索与网络应用(全汉语),,,,,学院路校区,"冯花朴◇[2-10周]星期二第7,8节◇图书馆五层教室◇选课要求:◇◇",一般通识类,选修,图书馆,1.0,33/48
B2G560130,音乐剧欣赏与表演实践（1）(全汉语),,,,,学院路校区,"张冉◇[2-10周]星期四第7,8节◇晨兴剧场◇选课要求:◇◇",一般通识类,选修,团委,1.0,29/35
B2G560250,戏剧鉴赏（1）(全汉语),,,,,学院路校区,"钱晓天◇[2-10周]星期四第7,8节◇主127◇选课要求:◇◇",一般通识类,选修,团委,1.0,29/50
B2G560280,职业发展与就业指导（2）(全汉语),,,,,学院路校区,"陈伟东◇[2-10周]星期三第7,8节◇D215◇选课要求:◇◇",一般通识类,选修,招生就业处,1.0,34/60
B2G560280,职业发展与就业指导（2）(全汉语),,,,,学院路校区,"刘  睿◇[2-10周]星期四第7,8节◇(一)209◇选课要求:◇◇",一般通识类,选修,招生就业处,1.0,41/60
B2G560330,健康常识教育(全汉语),,,,,学院路校区,"曹丽娟◇[2-10周]星期四第9,10节◇(一)204◇选课要求:◇◇",一般通识类,选修,校医院,1.0,132/200
B2G560370,创业实训（1）(全汉语),,,,,学院路校区,"董青春◇[2-10周]星期三第7,8节◇(一)407◇选课要求:◇◇",一般通识类,选修,校内其它单位,1.0,46/50
B2G560380,航模技术(初级)(全汉语),,,,,学院路校区,"孙景桥◇[2-6周]星期六第1,2节,[2-6周]星期六第3,4节,[2-6周]星期五第11,12节,[2-6周]星期五第9,10节◇(二)211◇选课要求:◇◇",一般通识类,选修,校内其它单位,2.0,20/50
B2E333050,体育（5）【长跑体能】,,,,,学院路校区,徐文泉◇[1-17周]星期一第3节◇◇,体育类,必修,体育部,0.5,16/40
B2E333050,体育（5）【散打2】,,,,,学院路校区,周若夫◇[1-17周]星期一第3节◇◇,体育类,必修,体育部,0.5,2/40
B2E333050,体育（5）【软式排球1】,,,,,学院路校区,王民怡◇[1-17周]星期一第3节◇◇,体育类,必修,体育部,0.5,3/40
B2E333050,体育（5）【足球1】,,,,,学院路校区,徐  昆◇[1-17周]星期一第3节◇◇,体育类,必修,体育部,0.5,13/40
B2E333050,体育（5）【篮球1】,,,,,学院路校区,邵  山◇[1-17周]星期一第3节◇◇,体育类,必修,体育部,0.5,2/40
B2E333050,体育（5）【太极拳1】,,,,,学院路校区,姚建军◇[1-17周]星期一第3节◇◇,体育类,必修,体育部,0.5,-0.025
B2E333050,体育（5）【气排球】,,,,,学院路校区,黎宇翔◇[1-17周]星期一第3节◇新体育馆配馆◇,体育类,必修,体育部,0.5,1/40
B2E333050,体育（5）【长跑体能】,,,,,学院路校区,徐文泉◇[1-17周]星期一第4节◇◇,体育类,必修,体育部,0.5,16/40
B2E333050,体育（5）【健美操1】,,,,,学院路校区,朱志萍◇[1-17周]星期一第4节◇武术、健美操厅◇,体育类,必修,体育部,0.5,0/36
B2E333050,体育（5）【足球1】,,,,,学院路校区,徐  昆◇[1-17周]星期一第4节◇田径场◇,体育类,必修,体育部,0.5,27/40
B2E333050,体育（5）【篮球1】,,,,,学院路校区,邵  山◇[1-17周]星期一第4节◇◇,体育类,必修,体育部,0.5,24/40
B2E333050,体育（5）【篮球1】,,,,,学院路校区,陈  松◇[1-17周]星期一第4节◇◇,体育类,必修,体育部,0.5,4/40
B2E333050,体育（5）【软式排球1】,,,,,学院路校区,王民怡◇[1-17周]星期一第4节◇◇,体育类,必修,体育部,0.5,1/40
B2E333050,体育（5）【散打2】,,,,,学院路校区,周若夫◇[1-17周]星期一第4节◇◇,体育类,必修,体育部,0.5,2/40
B2E333050,体育（5）【太极拳1】,,,,,学院路校区,姚建军◇[1-17周]星期一第4节◇◇,体育类,必修,体育部,0.5,0/40
B2E333050,体育（5）【排球2】,,,,,学院路校区,陆  科◇[1-17周]星期一第4节◇◇,体育类,必修,体育部,0.5,10/40
B2E333050,体育（5）【气排球】,,,,,学院路校区,黎宇翔◇[1-17周]星期一第4节◇新体育馆配馆◇,体育类,必修,体育部,0.5,1/40
B2E333050,体育（5）【排球1】,,,,,学院路校区,陆  科◇[1-17周]星期一第3节◇◇,体育类,必修,体育部,0.5,3/40
B2E333050,体育（5）【健美操1】,,,,,学院路校区,朱志萍◇[1-17周]星期一第3节◇◇,体育类,必修,体育部,0.5,1/36
B2E333050,体育（5）【篮球1】,,,,,学院路校区,陈  松◇[1-17周]星期一第3节◇◇,体育类,必修,体育部,0.5,1/40
B2E333050,体育（5）【散打1】,,,,,学院路校区,王  震◇[1-17周]星期一第4节◇◇,体育类,必修,体育部,0.5,6/40
B2E333050,体育（5）【散打1】,,,,,学院路校区,王  震◇[1-17周]星期二第9节◇◇,体育类,必修,体育部,0.5,-0.027777778
B2E333050,体育（5）【散打1】,,,,,学院路校区,王  震◇[1-17周]星期二第10节◇◇,体育类,必修,体育部,0.5,-0.083333333
B2H183010,科技及社会实践（1）(全汉语),,面向北京学院2015级学生开放,,,学院路校区,吴衍川◇[1-17周]◇,博雅类,必修,北京学院,0.5,12/176 对外:0/0
B3J103950,个性化科研与工程能力训练（5）(全汉语),,,,,学院路校区,牛旭锋◇[1-17周]◇,博雅类,必修,生物与医学工程学院,0.5,15/90 对外:0/0
B2F050170,飞行器安全性与可靠性(全汉语),,上课时间地点另行通知,科技文明（名师研讨课）,,学院路校区,傅惠民◇[2-10周]名师研讨课，需要充分讨论和深入交流。确定选课后，需要学生的联系方式，与学生协调上课时间◇,核心通识类,必修,航空科学与工程学院,1.0,0/16
B2F050340,固体力学科研训练(全汉语),,上课时间地点另行通知,科技文明（名师研讨课）,,学院路校区,郭早阳◇[2-10周]◇,核心通识类,必修,航空科学与工程学院,1.0,0/31
B2F080110,经济管理(全汉语),,此课面向2015级学生，经管学院学生不允许选此课程。,社会科学,,学院路校区,"贾国柱◇[1-17周]星期二第3,4节◇主北305◇选课要求:此课面向2015级学生，经管学院学生不允许选此课程。◇◇",核心通识类,必修,经济管理学院,2.0,1/151
B2F100110,医工交叉研究与技术创新方法(全汉语),,,科技文明（名师研讨课）,,学院路校区,"樊瑜波,姚  杰◇[6-9周]星期六第5,6节,[6-9周]星期六第7,8节◇逸夫科学馆317◇选课要求:◇◇",核心通识类,必修,生物与医学工程学院,1.0,0/5
B2F100110,医工交叉研究与技术创新方法(全汉语),,,科技文明（名师研讨课）,,学院路校区,"樊瑜波,姚  杰◇[1-5周]星期六第5,6节,[1-5周]星期六第7,8节◇逸夫科学馆317◇选课要求:◇◇",核心通识类,必修,生物与医学工程学院,1.0,0/5
B2F100110,医工交叉研究与技术创新方法(全汉语),,,科技文明（名师研讨课）,,学院路校区,"樊瑜波,姚  杰◇[14-17周]星期六第5,6节,[14-17周]星期六第7,8节◇逸夫科学馆317◇选课要求:◇◇",核心通识类,必修,生物与医学工程学院,1.0,0/6
B2F100110,医工交叉研究与技术创新方法(全汉语),,,科技文明（名师研讨课）,,学院路校区,"樊瑜波,姚  杰◇[10-13周]星期六第5,6节,[10-13周]星期六第7,8节◇逸夫科学馆317◇选课要求:◇◇",核心通识类,必修,生物与医学工程学院,1.0,-1/5
B2F100120,走近月宫一号(全汉语),,,科技文明（新生研讨课）,,学院路校区,"刘  红◇[4-7周]星期六第5,6节,[4-7周]星期六第7,8节◇D225◇选课要求:◇◇",核心通识类,必修,生物与医学工程学院,1.0,-1/35	对外:0/0
B2F110150,西方音乐史与名曲鉴赏(全汉语),,,人文素养,,学院路校区,"李爱华◇[2-12周]星期四第11节,[2-12周]星期四第9,10节◇主M201◇选课要求:     
◇◇",核心通识类,必修,人文社会科学学院,2.0,1/105
B2F110240,动作语言分析与训练(全汉语),,晨星剧场,人文素养,,学院路校区,"井志伟◇[2-17周]星期四第5,6节◇晨兴剧场◇选课要求:晨星剧场◇◇",核心通识类,必修,人文社会科学学院,2.0,0/41
B2F120210,语义学(英汉双语),,,人文素养,,学院路校区,"王洪磊◇[1-17周]星期三第5,6节◇主北306◇选课要求:◇◇",核心通识类,必修,外国语学院,2.0,0/40
B2F130150,仿生交通导论(全汉语),,,科技文明（名师研讨课）,,学院路校区,"田大新◇[2-10周]星期二第5,6节,[2-10周]星期二第7,8节◇交通学院303◇选课要求:◇◇",核心通识类,必修,交通科学与工程学院,2.0,1/9
B2F130190,道路与机场工程导论(全汉语),,,科技文明（专业研讨课）,,学院路校区,"李  峰◇[1-17周]星期五第5,6节◇F103◇选课要求:◇◇",核心通识类,必修,交通科学与工程学院,2.0,-1/20	对外:0/3
B2F170140,谐振式传感器(全汉语),,,科技文明（专业研讨课）,,学院路校区,"樊尚春◇[1-17周]星期二第9,10节◇(一)204◇选课要求:◇◇",核心通识类,必修,仪器科学与光电工程学院,2.0,0/15
B2F200150,证据法学(全汉语),,,社会科学,,学院路校区,"初殿清◇[1-17周]星期一第9,10节◇D215◇选课要求:◇◇",核心通识类,必修,法学院,2.0,0/50	对外:0/16
B2F200230,建设工程法(全汉语),,,社会科学,,学院路校区,"王天凡◇[1-17周]星期四第7,8节◇F227◇选课要求:◇◇",核心通识类,必修,法学院,2.0,4/115
B2F241020,工业系统中的科学技术与实践一：智能机器人(英汉双语),,,科技文明（专业研讨课）,,学院路校区,"马纪明◇[2-9周]星期三第9,10节◇(二)214◇选课要求:◇◇",核心通识类,必修,中法工程师学院,1.0,0/20
B2F241030,工业系统中的科学技术与实践二：机械机构建模(英汉双语),,,科技文明（专业研讨课）,,学院路校区,"马纪明◇[2-9周]星期一第9,10节◇(二)214◇选课要求:◇◇",核心通识类,必修,中法工程师学院,1.0,1/20
B2F241040,工业系统中的科学技术与实践四：多旋翼无人机(英汉双语),,,科技文明（专业研讨课）,,学院路校区,"马纪明◇[2-9周]星期二第9,10节◇(二)214◇选课要求:◇◇",核心通识类,必修,中法工程师学院,1.0,0/20
B2F270130,光电高分子材料与应用(全汉语),,,科技文明,,学院路校区,"霍利军◇[1-17周]星期二第5,6节◇(一)402◇选课要求:◇◇",核心通识类,必修,化学学院,2.0,3/121	对外:0/71
B2F290280,名师研讨课 法律与社会(全汉语),,,社会科学,,学院路校区,"	李亚梅◇[2-10周]星期二第7,8节◇F224◇选课要求:◇◇",核心通识类,必修,人文与社会科学高等研究院,1.0,1/22